-- phpMyAdmin SQL Dump
-- version 5.2.1
-- https://www.phpmyadmin.net/
--
-- Servidor: 127.0.0.1
-- Tiempo de generación: 23-03-2026 a las 00:57:47
-- Versión del servidor: 10.4.32-MariaDB
-- Versión de PHP: 8.0.30

SET SQL_MODE = "NO_AUTO_VALUE_ON_ZERO";
START TRANSACTION;
SET time_zone = "+00:00";


/*!40101 SET @OLD_CHARACTER_SET_CLIENT=@@CHARACTER_SET_CLIENT */;
/*!40101 SET @OLD_CHARACTER_SET_RESULTS=@@CHARACTER_SET_RESULTS */;
/*!40101 SET @OLD_COLLATION_CONNECTION=@@COLLATION_CONNECTION */;
/*!40101 SET NAMES utf8mb4 */;

--
-- Base de datos: `growsystem`
--

-- --------------------------------------------------------

--
-- Estructura de tabla para la tabla `api_tokens`
--

CREATE TABLE `api_tokens` (
  `id` int(11) NOT NULL,
  `dispositivo_id` int(11) NOT NULL,
  `token` varchar(64) NOT NULL,
  `activo` tinyint(1) DEFAULT 1,
  `creado_en` timestamp NOT NULL DEFAULT current_timestamp(),
  `ultimo_uso` timestamp NULL DEFAULT NULL
) ENGINE=InnoDB DEFAULT CHARSET=utf8mb4 COLLATE=utf8mb4_general_ci;

--
-- Volcado de datos para la tabla `api_tokens`
--

INSERT INTO `api_tokens` (`id`, `dispositivo_id`, `token`, `activo`, `creado_en`, `ultimo_uso`) VALUES
(1, 1, 'a3f8c2d1e4b7091f6a5d3c2e1b0f9e8d7c6b5a4f3e2d1c0b9a8f7e6d5c4b3a2', 1, '2026-03-22 00:19:19', '2026-03-22 04:14:24'),
(4, 3, 'f4c3b2a1e6d9c8b7a5f0e1d2c3b4a59687f0e1d2c3b4a5f6e7d8c9b0a1b2c3d4', 1, '2026-03-22 04:13:30', '2026-03-22 23:15:01'),
(7, 4, '5454917f9ec396e00b301675415dd5421794a3a5f363da7b3712bf6e70641792', 1, '2026-03-22 06:48:22', NULL),
(9, 6, '63271d3d2d04076e64bb13bb132d8c275a2c7166270970ead6713208acce2fc4', 1, '2026-03-22 07:10:13', NULL),
(11, 5, '1452485e802e46a9cde4d702b0d65c4c5191e1d15e35f8b73e1ffd6d0d0ca78a', 1, '2026-03-22 07:10:33', NULL),
(18, 2, 'e776093d85e75e9deda06d4dc74555a912fb2d02e6168a7541fee007fe14deb7', 1, '2026-03-22 17:13:02', NULL),
(27, 7, '4f075405ab1fb0b0f3153538fb37908bce793b6890f79516b04c8c4d99d384de', 1, '2026-03-22 17:29:33', NULL);

-- --------------------------------------------------------

--
-- Estructura de tabla para la tabla `control`
--

CREATE TABLE `control` (
  `instancia_id` int(11) NOT NULL,
  `umbral_humedad` int(11) DEFAULT 30,
  `umbral_nutrientes` int(11) DEFAULT 40,
  `ventilacion` tinyint(1) DEFAULT 0,
  `hora_encendido` time DEFAULT '08:00:00',
  `hora_apagado` time DEFAULT '18:00:00',
  `ultima_actualizacion` timestamp NOT NULL DEFAULT current_timestamp() ON UPDATE current_timestamp()
) ENGINE=InnoDB DEFAULT CHARSET=utf8mb4 COLLATE=utf8mb4_general_ci;

--
-- Volcado de datos para la tabla `control`
--

INSERT INTO `control` (`instancia_id`, `umbral_humedad`, `umbral_nutrientes`, `ventilacion`, `hora_encendido`, `hora_apagado`, `ultima_actualizacion`) VALUES
(1, 56, 53, 0, '08:00:00', '18:00:00', '2026-03-22 04:09:00'),
(3, 73, 33, 0, '08:00:00', '13:00:00', '2026-03-22 20:26:29'),
(6, 30, 40, 0, '08:00:00', '18:00:00', '2026-03-22 06:48:22');

-- --------------------------------------------------------

--
-- Estructura de tabla para la tabla `dispositivos`
--

CREATE TABLE `dispositivos` (
  `id` int(11) NOT NULL,
  `numero_serie` varchar(100) NOT NULL,
  `usuario_id` int(11) DEFAULT NULL,
  `estado` enum('disponible','asignado','baja') DEFAULT 'disponible',
  `fecha_creacion` timestamp NOT NULL DEFAULT current_timestamp(),
  `fecha_asignacion` timestamp NULL DEFAULT NULL
) ENGINE=InnoDB DEFAULT CHARSET=utf8mb4 COLLATE=utf8mb4_general_ci;

--
-- Volcado de datos para la tabla `dispositivos`
--

INSERT INTO `dispositivos` (`id`, `numero_serie`, `usuario_id`, `estado`, `fecha_creacion`, `fecha_asignacion`) VALUES
(1, 'IND-0001', 2, 'asignado', '2026-03-22 00:19:19', '2026-03-22 00:19:19'),
(2, 'IND-0002', NULL, 'disponible', '2026-03-22 00:19:19', NULL),
(3, 'IND-0003', 4, 'asignado', '2026-03-22 00:19:19', '2026-03-22 03:44:06'),
(4, 'IND-0004', 2, 'asignado', '2026-03-22 00:19:19', '2026-03-22 06:48:22'),
(5, 'IND-0005', NULL, 'disponible', '2026-03-22 00:19:19', NULL),
(6, 'IND-0006', NULL, 'disponible', '2026-03-22 07:10:13', NULL),
(7, 'IND-0007', NULL, 'disponible', '2026-03-22 17:29:33', NULL);

-- --------------------------------------------------------

--
-- Estructura de tabla para la tabla `estado_actual`
--

CREATE TABLE `estado_actual` (
  `instancia_id` int(11) NOT NULL,
  `bomba` tinyint(1) DEFAULT 0,
  `ventilador` tinyint(1) DEFAULT 0,
  `luces` tinyint(1) DEFAULT 0,
  `surtidor` tinyint(1) DEFAULT 0,
  `humedad` decimal(5,2) DEFAULT NULL,
  `nutrientes` decimal(5,2) DEFAULT NULL,
  `ultima_actualizacion` timestamp NOT NULL DEFAULT current_timestamp() ON UPDATE current_timestamp()
) ENGINE=InnoDB DEFAULT CHARSET=utf8mb4 COLLATE=utf8mb4_general_ci;

--
-- Volcado de datos para la tabla `estado_actual`
--

INSERT INTO `estado_actual` (`instancia_id`, `bomba`, `ventilador`, `luces`, `surtidor`, `humedad`, `nutrientes`, `ultima_actualizacion`) VALUES
(1, 0, 0, 0, 0, 100.00, 54.00, '2026-03-22 04:14:24'),
(3, 1, 0, 0, 0, 0.00, 33.00, '2026-03-22 23:15:01'),
(6, 0, 0, 0, 0, NULL, NULL, '2026-03-22 06:48:22');

-- --------------------------------------------------------

--
-- Estructura de tabla para la tabla `instancias`
--

CREATE TABLE `instancias` (
  `id` int(11) NOT NULL,
  `usuario_id` int(11) NOT NULL,
  `dispositivo_id` int(11) NOT NULL,
  `planta_id` int(11) DEFAULT NULL,
  `alias` varchar(100) DEFAULT NULL,
  `ubicacion` varchar(255) DEFAULT NULL,
  `activa` tinyint(1) DEFAULT 1,
  `fecha_creacion` timestamp NOT NULL DEFAULT current_timestamp()
) ENGINE=InnoDB DEFAULT CHARSET=utf8mb4 COLLATE=utf8mb4_general_ci;

--
-- Volcado de datos para la tabla `instancias`
--

INSERT INTO `instancias` (`id`, `usuario_id`, `dispositivo_id`, `planta_id`, `alias`, `ubicacion`, `activa`, `fecha_creacion`) VALUES
(1, 2, 1, 1, 'Manzanilla Terraza', 'Terraza norte', 1, '2026-03-22 00:19:19'),
(3, 4, 3, 26, 'Marihuana', NULL, 1, '2026-03-22 03:44:06'),
(6, 2, 4, 32, 'Mota', NULL, 1, '2026-03-22 06:48:22');

-- --------------------------------------------------------

--
-- Estructura de tabla para la tabla `lecturas`
--

CREATE TABLE `lecturas` (
  `id` int(11) NOT NULL,
  `instancia_id` int(11) NOT NULL,
  `humedad` decimal(5,2) DEFAULT NULL,
  `nutrientes` decimal(5,2) DEFAULT NULL,
  `fecha` timestamp NOT NULL DEFAULT current_timestamp()
) ENGINE=InnoDB DEFAULT CHARSET=utf8mb4 COLLATE=utf8mb4_general_ci;

--
-- Volcado de datos para la tabla `lecturas`
--

INSERT INTO `lecturas` (`id`, `instancia_id`, `humedad`, `nutrientes`, `fecha`) VALUES
(1, 1, 74.00, 90.00, '2026-03-17 16:51:43'),
(2, 1, 71.50, 87.00, '2026-03-17 16:52:00'),
(3, 1, 68.00, 85.50, '2026-03-17 16:52:30'),
(4, 1, 100.00, 77.00, '2026-03-22 00:43:09'),
(5, 1, 100.00, 75.00, '2026-03-22 00:43:19'),
(6, 1, 100.00, 73.00, '2026-03-22 00:43:29'),
(7, 1, 100.00, 70.00, '2026-03-22 00:43:39'),
(8, 1, 100.00, 67.00, '2026-03-22 00:43:49'),
(9, 1, 100.00, 65.00, '2026-03-22 00:43:59'),
(10, 1, 100.00, 62.00, '2026-03-22 00:44:09'),
(11, 1, 100.00, 60.00, '2026-03-22 00:44:19'),
(12, 1, 100.00, 59.00, '2026-03-22 00:44:29'),
(13, 1, 100.00, 65.00, '2026-03-22 00:44:39'),
(14, 1, 100.00, 70.00, '2026-03-22 00:44:49'),
(15, 1, 100.00, 75.00, '2026-03-22 00:44:59'),
(16, 1, 100.00, 81.00, '2026-03-22 00:45:09'),
(17, 1, 100.00, 87.00, '2026-03-22 00:45:19'),
(18, 1, 100.00, 89.00, '2026-03-22 00:45:29'),
(19, 1, 100.00, 95.00, '2026-03-22 00:45:39'),
(20, 1, 100.00, 100.00, '2026-03-22 00:45:49'),
(21, 1, 100.00, 98.00, '2026-03-22 00:45:59'),
(22, 1, 100.00, 100.00, '2026-03-22 00:46:09'),
(23, 1, 100.00, 97.00, '2026-03-22 00:46:19'),
(24, 1, 100.00, 100.00, '2026-03-22 00:46:29'),
(25, 1, 100.00, 97.00, '2026-03-22 00:46:39'),
(26, 1, 100.00, 100.00, '2026-03-22 00:46:49'),
(27, 1, 100.00, 98.00, '2026-03-22 00:46:59'),
(28, 1, 100.00, 100.00, '2026-03-22 00:47:09'),
(29, 1, 100.00, 98.00, '2026-03-22 00:47:19'),
(30, 1, 100.00, 100.00, '2026-03-22 00:47:29'),
(31, 1, 100.00, 98.00, '2026-03-22 00:47:39'),
(32, 1, 100.00, 100.00, '2026-03-22 00:47:49'),
(33, 1, 100.00, 99.00, '2026-03-22 00:47:59'),
(34, 1, 100.00, 100.00, '2026-03-22 00:48:09'),
(35, 1, 100.00, 98.00, '2026-03-22 00:48:19'),
(36, 1, 100.00, 100.00, '2026-03-22 00:48:29'),
(37, 1, 100.00, 99.00, '2026-03-22 00:48:39'),
(38, 1, 100.00, 100.00, '2026-03-22 00:48:49'),
(39, 1, 100.00, 98.00, '2026-03-22 00:48:59'),
(40, 1, 100.00, 100.00, '2026-03-22 00:49:09'),
(41, 1, 100.00, 99.00, '2026-03-22 00:49:19'),
(42, 1, 100.00, 100.00, '2026-03-22 00:49:29'),
(43, 1, 100.00, 97.00, '2026-03-22 00:49:39'),
(44, 1, 100.00, 100.00, '2026-03-22 00:49:49'),
(45, 1, 100.00, 98.00, '2026-03-22 00:49:59'),
(46, 1, 100.00, 100.00, '2026-03-22 00:50:09'),
(47, 1, 100.00, 99.00, '2026-03-22 00:50:19'),
(48, 1, 100.00, 100.00, '2026-03-22 00:50:29'),
(49, 1, 100.00, 99.00, '2026-03-22 00:50:39'),
(50, 1, 100.00, 100.00, '2026-03-22 00:50:49'),
(51, 1, 100.00, 98.00, '2026-03-22 00:50:59'),
(52, 1, 100.00, 100.00, '2026-03-22 00:51:09'),
(53, 1, 100.00, 98.00, '2026-03-22 00:51:19'),
(54, 1, 100.00, 100.00, '2026-03-22 00:51:29'),
(55, 1, 100.00, 99.00, '2026-03-22 00:51:39'),
(56, 1, 100.00, 100.00, '2026-03-22 00:51:49'),
(57, 1, 100.00, 99.00, '2026-03-22 00:51:59'),
(58, 1, 100.00, 100.00, '2026-03-22 00:52:09'),
(59, 1, 100.00, 99.00, '2026-03-22 00:52:19'),
(60, 1, 100.00, 100.00, '2026-03-22 00:52:29'),
(61, 1, 100.00, 98.00, '2026-03-22 00:52:39'),
(62, 1, 100.00, 100.00, '2026-03-22 00:52:49'),
(63, 1, 100.00, 99.00, '2026-03-22 00:52:59'),
(64, 1, 100.00, 100.00, '2026-03-22 00:53:09'),
(65, 1, 100.00, 99.00, '2026-03-22 00:53:19'),
(66, 1, 100.00, 100.00, '2026-03-22 00:53:29'),
(67, 1, 100.00, 97.00, '2026-03-22 00:53:40'),
(68, 1, 100.00, 100.00, '2026-03-22 00:53:49'),
(69, 1, 100.00, 99.00, '2026-03-22 00:53:59'),
(70, 1, 100.00, 100.00, '2026-03-22 00:54:09'),
(71, 1, 100.00, 98.00, '2026-03-22 00:54:19'),
(72, 1, 100.00, 100.00, '2026-03-22 00:54:29'),
(73, 1, 100.00, 99.00, '2026-03-22 00:54:39'),
(74, 1, 100.00, 100.00, '2026-03-22 00:54:49'),
(75, 1, 100.00, 97.00, '2026-03-22 00:54:59'),
(76, 1, 100.00, 100.00, '2026-03-22 00:55:09'),
(77, 1, 100.00, 98.00, '2026-03-22 00:55:19'),
(78, 1, 100.00, 100.00, '2026-03-22 00:55:29'),
(79, 1, 100.00, 99.00, '2026-03-22 00:55:39'),
(80, 1, 100.00, 100.00, '2026-03-22 00:55:49'),
(81, 1, 100.00, 98.00, '2026-03-22 00:55:59'),
(82, 1, 100.00, 100.00, '2026-03-22 00:56:09'),
(83, 1, 100.00, 99.00, '2026-03-22 00:56:19'),
(84, 1, 100.00, 100.00, '2026-03-22 00:56:29'),
(85, 1, 100.00, 97.00, '2026-03-22 00:56:39'),
(86, 1, 100.00, 100.00, '2026-03-22 00:56:49'),
(87, 1, 100.00, 98.00, '2026-03-22 00:56:59'),
(88, 1, 100.00, 100.00, '2026-03-22 00:57:09'),
(89, 1, 100.00, 98.00, '2026-03-22 00:57:19'),
(90, 1, 100.00, 100.00, '2026-03-22 00:57:29'),
(91, 1, 100.00, 99.00, '2026-03-22 00:57:39'),
(92, 1, 100.00, 100.00, '2026-03-22 00:57:49'),
(93, 1, 100.00, 99.00, '2026-03-22 00:57:59'),
(94, 1, 100.00, 100.00, '2026-03-22 00:58:09'),
(95, 1, 100.00, 98.00, '2026-03-22 00:58:19'),
(96, 1, 100.00, 100.00, '2026-03-22 00:58:29'),
(97, 1, 100.00, 97.00, '2026-03-22 00:58:39'),
(98, 1, 100.00, 100.00, '2026-03-22 00:58:49'),
(99, 1, 100.00, 97.00, '2026-03-22 00:59:00'),
(100, 1, 100.00, 100.00, '2026-03-22 00:59:09'),
(101, 1, 100.00, 99.00, '2026-03-22 00:59:19'),
(102, 1, 100.00, 100.00, '2026-03-22 00:59:29'),
(103, 1, 100.00, 98.00, '2026-03-22 00:59:39'),
(104, 1, 100.00, 100.00, '2026-03-22 00:59:49'),
(105, 1, 100.00, 98.00, '2026-03-22 00:59:59'),
(106, 1, 100.00, 100.00, '2026-03-22 01:00:10'),
(107, 1, 100.00, 97.00, '2026-03-22 01:00:19'),
(108, 1, 100.00, 100.00, '2026-03-22 01:00:29'),
(109, 1, 100.00, 97.00, '2026-03-22 01:00:39'),
(110, 1, 100.00, 99.00, '2026-03-22 01:03:13'),
(111, 1, 100.00, 100.00, '2026-03-22 01:03:19'),
(112, 1, 100.00, 99.00, '2026-03-22 01:03:29'),
(113, 1, 100.00, 100.00, '2026-03-22 01:03:39'),
(114, 1, 100.00, 98.00, '2026-03-22 01:03:49'),
(115, 1, 100.00, 100.00, '2026-03-22 01:03:59'),
(116, 1, 100.00, 97.00, '2026-03-22 01:04:09'),
(117, 1, 100.00, 100.00, '2026-03-22 01:04:19'),
(118, 1, 100.00, 98.00, '2026-03-22 01:04:29'),
(119, 1, 100.00, 100.00, '2026-03-22 01:04:39'),
(120, 1, 100.00, 98.00, '2026-03-22 01:04:49'),
(121, 1, 100.00, 100.00, '2026-03-22 01:04:59'),
(122, 1, 100.00, 98.00, '2026-03-22 01:05:09'),
(123, 1, 100.00, 100.00, '2026-03-22 01:05:19'),
(124, 1, 100.00, 99.00, '2026-03-22 01:05:29'),
(125, 1, 100.00, 100.00, '2026-03-22 01:05:39'),
(126, 1, 100.00, 98.00, '2026-03-22 01:05:49'),
(127, 1, 100.00, 100.00, '2026-03-22 01:05:59'),
(128, 1, 100.00, 99.00, '2026-03-22 01:06:09'),
(129, 1, 100.00, 100.00, '2026-03-22 01:06:19'),
(130, 1, 100.00, 99.00, '2026-03-22 01:06:29'),
(131, 1, 100.00, 100.00, '2026-03-22 01:06:39'),
(132, 1, 100.00, 99.00, '2026-03-22 01:06:49'),
(133, 1, 100.00, 100.00, '2026-03-22 01:06:59'),
(134, 1, 100.00, 98.00, '2026-03-22 01:07:09'),
(135, 1, 100.00, 100.00, '2026-03-22 01:07:19'),
(136, 1, 100.00, 97.00, '2026-03-22 01:07:29'),
(137, 1, 100.00, 100.00, '2026-03-22 01:07:39'),
(138, 1, 100.00, 98.00, '2026-03-22 01:07:49'),
(139, 1, 100.00, 100.00, '2026-03-22 01:07:59'),
(140, 1, 100.00, 97.00, '2026-03-22 01:08:09'),
(141, 1, 100.00, 100.00, '2026-03-22 01:08:19'),
(142, 1, 100.00, 97.00, '2026-03-22 01:08:29'),
(143, 1, 100.00, 100.00, '2026-03-22 01:08:39'),
(144, 1, 100.00, 98.00, '2026-03-22 01:08:49'),
(145, 1, 100.00, 100.00, '2026-03-22 01:08:59'),
(146, 1, 100.00, 97.00, '2026-03-22 01:09:09'),
(147, 1, 100.00, 79.00, '2026-03-22 04:04:49'),
(148, 1, 100.00, 85.00, '2026-03-22 04:04:59'),
(149, 1, 100.00, 90.00, '2026-03-22 04:05:09'),
(150, 1, 100.00, 77.00, '2026-03-22 04:08:14'),
(151, 1, 100.00, 82.00, '2026-03-22 04:08:24'),
(152, 1, 100.00, 84.00, '2026-03-22 04:08:34'),
(153, 1, 100.00, 89.00, '2026-03-22 04:08:44'),
(154, 1, 100.00, 93.00, '2026-03-22 04:08:54'),
(155, 1, 100.00, 95.00, '2026-03-22 04:09:04'),
(156, 1, 100.00, 93.00, '2026-03-22 04:09:14'),
(157, 1, 100.00, 90.00, '2026-03-22 04:09:24'),
(158, 1, 100.00, 88.00, '2026-03-22 04:09:34'),
(159, 1, 100.00, 86.00, '2026-03-22 04:09:44'),
(160, 1, 100.00, 83.00, '2026-03-22 04:09:54'),
(161, 1, 100.00, 82.00, '2026-03-22 04:10:04'),
(162, 1, 100.00, 81.00, '2026-03-22 04:10:14'),
(163, 1, 100.00, 79.00, '2026-03-22 04:10:24'),
(164, 1, 100.00, 78.00, '2026-03-22 04:10:34'),
(165, 1, 100.00, 77.00, '2026-03-22 04:10:44'),
(166, 1, 100.00, 74.00, '2026-03-22 04:10:54'),
(167, 1, 100.00, 72.00, '2026-03-22 04:11:04'),
(168, 1, 100.00, 69.00, '2026-03-22 04:11:14'),
(169, 1, 100.00, 66.00, '2026-03-22 04:11:24'),
(170, 1, 100.00, 63.00, '2026-03-22 04:11:34'),
(171, 1, 100.00, 62.00, '2026-03-22 04:11:44'),
(172, 1, 100.00, 60.00, '2026-03-22 04:11:54'),
(173, 1, 100.00, 59.00, '2026-03-22 04:12:04'),
(174, 1, 100.00, 58.00, '2026-03-22 04:12:14'),
(175, 1, 100.00, 57.00, '2026-03-22 04:12:24'),
(176, 1, 100.00, 56.00, '2026-03-22 04:12:34'),
(177, 1, 100.00, 53.00, '2026-03-22 04:12:44'),
(178, 1, 100.00, 50.00, '2026-03-22 04:12:54'),
(179, 1, 100.00, 53.00, '2026-03-22 04:13:04'),
(180, 1, 100.00, 52.00, '2026-03-22 04:13:14'),
(181, 1, 100.00, 57.00, '2026-03-22 04:13:25'),
(182, 1, 100.00, 55.00, '2026-03-22 04:13:34'),
(183, 1, 100.00, 53.00, '2026-03-22 04:13:44'),
(184, 1, 100.00, 50.00, '2026-03-22 04:13:54'),
(185, 1, 100.00, 53.00, '2026-03-22 04:14:04'),
(186, 1, 100.00, 50.00, '2026-03-22 04:14:14'),
(187, 1, 100.00, 54.00, '2026-03-22 04:14:24'),
(188, 3, 100.00, 78.00, '2026-03-22 04:15:02'),
(189, 3, 100.00, 77.00, '2026-03-22 04:15:12'),
(190, 3, 100.00, 74.00, '2026-03-22 04:15:22'),
(191, 3, 100.00, 73.00, '2026-03-22 04:15:32'),
(192, 3, 100.00, 71.00, '2026-03-22 04:15:42'),
(193, 3, 100.00, 68.00, '2026-03-22 04:15:52'),
(194, 3, 100.00, 66.00, '2026-03-22 04:16:02'),
(195, 3, 100.00, 64.00, '2026-03-22 04:16:12'),
(196, 3, 100.00, 61.00, '2026-03-22 04:16:22'),
(197, 3, 100.00, 60.00, '2026-03-22 04:16:32'),
(198, 3, 100.00, 59.00, '2026-03-22 04:16:42'),
(199, 3, 100.00, 57.00, '2026-03-22 04:16:52'),
(200, 3, 100.00, 54.00, '2026-03-22 04:17:02'),
(201, 3, 100.00, 53.00, '2026-03-22 04:17:12'),
(202, 3, 100.00, 51.00, '2026-03-22 04:17:22'),
(203, 3, 100.00, 50.00, '2026-03-22 04:17:32'),
(204, 3, 100.00, 49.00, '2026-03-22 04:17:42'),
(205, 3, 100.00, 48.00, '2026-03-22 04:17:52'),
(206, 3, 100.00, 47.00, '2026-03-22 04:18:02'),
(207, 3, 100.00, 45.00, '2026-03-22 04:18:12'),
(208, 3, 100.00, 42.00, '2026-03-22 04:18:22'),
(209, 3, 100.00, 41.00, '2026-03-22 04:18:32'),
(210, 3, 100.00, 38.00, '2026-03-22 04:18:42'),
(211, 3, 100.00, 42.00, '2026-03-22 04:18:52'),
(212, 3, 100.00, 41.00, '2026-03-22 04:19:02'),
(213, 3, 100.00, 39.00, '2026-03-22 04:19:12'),
(214, 3, 100.00, 42.00, '2026-03-22 04:19:22'),
(215, 3, 100.00, 41.00, '2026-03-22 04:19:32'),
(216, 3, 100.00, 39.00, '2026-03-22 04:19:42'),
(217, 3, 100.00, 41.00, '2026-03-22 04:19:52'),
(218, 3, 100.00, 39.00, '2026-03-22 04:20:02'),
(219, 3, 100.00, 41.00, '2026-03-22 04:20:12'),
(220, 3, 100.00, 38.00, '2026-03-22 04:20:22'),
(221, 3, 100.00, 43.00, '2026-03-22 04:20:32'),
(222, 3, 100.00, 41.00, '2026-03-22 04:20:42'),
(223, 3, 100.00, 38.00, '2026-03-22 04:20:54'),
(224, 3, 100.00, 41.00, '2026-03-22 04:21:02'),
(225, 3, 100.00, 40.00, '2026-03-22 04:21:12'),
(226, 3, 100.00, 38.00, '2026-03-22 04:21:22'),
(227, 3, 100.00, 41.00, '2026-03-22 04:21:32'),
(228, 3, 100.00, 38.00, '2026-03-22 04:21:42'),
(229, 3, 100.00, 38.00, '2026-03-22 04:21:52'),
(230, 3, 100.00, 41.00, '2026-03-22 04:22:02'),
(231, 3, 100.00, 38.00, '2026-03-22 04:22:12'),
(232, 3, 100.00, 38.00, '2026-03-22 04:22:22'),
(233, 3, 100.00, 41.00, '2026-03-22 04:22:32'),
(234, 3, 100.00, 40.00, '2026-03-22 04:22:42'),
(235, 3, 100.00, 38.00, '2026-03-22 04:22:52'),
(236, 3, 100.00, 41.00, '2026-03-22 04:23:02'),
(237, 3, 100.00, 40.00, '2026-03-22 04:23:12'),
(238, 3, 100.00, 39.00, '2026-03-22 04:23:22'),
(239, 3, 100.00, 45.00, '2026-03-22 04:23:32'),
(240, 3, 100.00, 44.00, '2026-03-22 04:23:42'),
(241, 3, 100.00, 44.00, '2026-03-22 04:23:52'),
(242, 3, 100.00, 41.00, '2026-03-22 04:24:02'),
(243, 3, 100.00, 40.00, '2026-03-22 04:24:12'),
(244, 3, 100.00, 38.00, '2026-03-22 04:24:22'),
(245, 3, 100.00, 44.00, '2026-03-22 04:24:32'),
(246, 3, 100.00, 43.00, '2026-03-22 04:24:42'),
(247, 3, 100.00, 42.00, '2026-03-22 04:24:52'),
(248, 3, 100.00, 40.00, '2026-03-22 04:25:02'),
(249, 3, 100.00, 38.00, '2026-03-22 04:25:12'),
(250, 3, 100.00, 42.00, '2026-03-22 04:25:22'),
(251, 3, 100.00, 41.00, '2026-03-22 04:25:32'),
(252, 3, 100.00, 38.00, '2026-03-22 04:25:42'),
(253, 3, 100.00, 42.00, '2026-03-22 04:25:52'),
(254, 3, 100.00, 39.00, '2026-03-22 04:26:02'),
(255, 3, 100.00, 41.00, '2026-03-22 04:26:12'),
(256, 3, 100.00, 39.00, '2026-03-22 04:26:22'),
(257, 3, 100.00, 44.00, '2026-03-22 04:26:32'),
(258, 3, 100.00, 42.00, '2026-03-22 04:26:42'),
(259, 3, 100.00, 41.00, '2026-03-22 04:26:52'),
(260, 3, 100.00, 39.00, '2026-03-22 04:27:02'),
(261, 3, 100.00, 45.00, '2026-03-22 04:27:12'),
(262, 3, 100.00, 44.00, '2026-03-22 04:27:22'),
(263, 3, 100.00, 42.00, '2026-03-22 04:27:32'),
(264, 3, 100.00, 41.00, '2026-03-22 04:27:42'),
(265, 3, 100.00, 41.00, '2026-03-22 04:27:53'),
(266, 3, 100.00, 38.00, '2026-03-22 04:28:02'),
(267, 3, 100.00, 42.00, '2026-03-22 04:28:12'),
(268, 3, 100.00, 42.00, '2026-03-22 04:28:22'),
(269, 3, 100.00, 45.00, '2026-03-22 04:28:32'),
(270, 3, 100.00, 42.00, '2026-03-22 04:28:42'),
(271, 3, 100.00, 39.00, '2026-03-22 04:28:52'),
(272, 3, 100.00, 41.00, '2026-03-22 04:29:02'),
(273, 3, 100.00, 39.00, '2026-03-22 04:29:12'),
(274, 3, 100.00, 44.00, '2026-03-22 04:29:22'),
(275, 3, 100.00, 43.00, '2026-03-22 04:29:32'),
(276, 3, 100.00, 41.00, '2026-03-22 04:29:42'),
(277, 3, 100.00, 41.00, '2026-03-22 04:29:52'),
(278, 3, 100.00, 41.00, '2026-03-22 04:30:02'),
(279, 3, 100.00, 39.00, '2026-03-22 04:30:12'),
(280, 3, 100.00, 39.00, '2026-03-22 04:30:22'),
(281, 3, 100.00, 42.00, '2026-03-22 04:30:32'),
(282, 3, 100.00, 40.00, '2026-03-22 04:30:42'),
(283, 3, 100.00, 39.00, '2026-03-22 04:30:52'),
(284, 3, 100.00, 41.00, '2026-03-22 04:31:02'),
(285, 3, 100.00, 40.00, '2026-03-22 04:31:12'),
(286, 3, 100.00, 38.00, '2026-03-22 04:31:22'),
(287, 3, 100.00, 42.00, '2026-03-22 04:31:32'),
(288, 3, 100.00, 40.00, '2026-03-22 04:31:42'),
(289, 3, 100.00, 40.00, '2026-03-22 04:31:52'),
(290, 3, 100.00, 44.00, '2026-03-22 04:32:02'),
(291, 3, 100.00, 43.00, '2026-03-22 04:32:12'),
(292, 3, 100.00, 43.00, '2026-03-22 04:32:22'),
(293, 3, 100.00, 39.00, '2026-03-22 04:32:32'),
(294, 3, 100.00, 42.00, '2026-03-22 04:32:42'),
(295, 3, 100.00, 40.00, '2026-03-22 04:32:52'),
(296, 3, 100.00, 38.00, '2026-03-22 04:33:02'),
(297, 3, 100.00, 42.00, '2026-03-22 04:33:12'),
(298, 3, 100.00, 39.00, '2026-03-22 04:33:23'),
(299, 3, 100.00, 44.00, '2026-03-22 04:33:32'),
(300, 3, 100.00, 43.00, '2026-03-22 04:33:42'),
(301, 3, 100.00, 43.00, '2026-03-22 04:33:52'),
(302, 3, 100.00, 41.00, '2026-03-22 04:34:02'),
(303, 3, 100.00, 39.00, '2026-03-22 04:34:12'),
(304, 3, 100.00, 39.00, '2026-03-22 04:34:22'),
(305, 3, 100.00, 38.00, '2026-03-22 04:34:32'),
(306, 3, 100.00, 40.00, '2026-03-22 04:34:42'),
(307, 3, 100.00, 37.00, '2026-03-22 04:34:52'),
(308, 3, 100.00, 43.00, '2026-03-22 04:35:02'),
(309, 3, 100.00, 40.00, '2026-03-22 04:35:12'),
(310, 3, 100.00, 38.00, '2026-03-22 04:35:22'),
(311, 3, 100.00, 42.00, '2026-03-22 04:35:32'),
(312, 3, 100.00, 39.00, '2026-03-22 04:35:42'),
(313, 3, 100.00, 39.00, '2026-03-22 04:35:52'),
(314, 3, 100.00, 40.00, '2026-03-22 04:36:02'),
(315, 3, 100.00, 37.00, '2026-03-22 04:36:12'),
(316, 3, 100.00, 37.00, '2026-03-22 04:36:22'),
(317, 3, 100.00, 40.00, '2026-03-22 04:36:32'),
(318, 3, 100.00, 39.00, '2026-03-22 04:36:42'),
(319, 3, 100.00, 45.00, '2026-03-22 04:36:52'),
(320, 3, 100.00, 42.00, '2026-03-22 04:37:02'),
(321, 3, 100.00, 39.00, '2026-03-22 04:37:12'),
(322, 3, 100.00, 45.00, '2026-03-22 04:37:22'),
(323, 3, 100.00, 43.00, '2026-03-22 04:37:32'),
(324, 3, 100.00, 41.00, '2026-03-22 04:37:42'),
(325, 3, 100.00, 41.00, '2026-03-22 04:37:52'),
(326, 3, 100.00, 37.00, '2026-03-22 04:38:02'),
(327, 3, 100.00, 43.00, '2026-03-22 04:38:12'),
(328, 3, 100.00, 43.00, '2026-03-22 04:38:22'),
(329, 3, 100.00, 39.00, '2026-03-22 04:38:32'),
(330, 3, 100.00, 41.00, '2026-03-22 04:38:42'),
(331, 3, 100.00, 40.00, '2026-03-22 04:38:52'),
(332, 3, 100.00, 39.00, '2026-03-22 04:39:02'),
(333, 3, 100.00, 42.00, '2026-03-22 04:39:12'),
(334, 3, 100.00, 39.00, '2026-03-22 04:39:22'),
(335, 3, 100.00, 44.00, '2026-03-22 04:39:33'),
(336, 3, 100.00, 43.00, '2026-03-22 04:39:42'),
(337, 3, 100.00, 42.00, '2026-03-22 04:39:52'),
(338, 3, 100.00, 41.00, '2026-03-22 04:40:02'),
(339, 3, 100.00, 38.00, '2026-03-22 04:40:12'),
(340, 3, 100.00, 41.00, '2026-03-22 04:40:22'),
(341, 3, 100.00, 40.00, '2026-03-22 04:40:32'),
(342, 3, 100.00, 39.00, '2026-03-22 04:40:42'),
(343, 3, 100.00, 39.00, '2026-03-22 04:40:52'),
(344, 3, 100.00, 44.00, '2026-03-22 04:41:02'),
(345, 3, 100.00, 41.00, '2026-03-22 04:41:12'),
(346, 3, 100.00, 41.00, '2026-03-22 04:41:22'),
(347, 3, 100.00, 39.00, '2026-03-22 04:41:32'),
(348, 3, 100.00, 42.00, '2026-03-22 04:41:42'),
(349, 3, 100.00, 40.00, '2026-03-22 04:41:52'),
(350, 3, 100.00, 39.00, '2026-03-22 04:42:02'),
(351, 3, 100.00, 45.00, '2026-03-22 04:42:12'),
(352, 3, 100.00, 43.00, '2026-03-22 04:42:23'),
(353, 3, 100.00, 42.00, '2026-03-22 04:42:32'),
(354, 3, 100.00, 39.00, '2026-03-22 04:42:42'),
(355, 3, 100.00, 39.00, '2026-03-22 04:42:52'),
(356, 3, 100.00, 41.00, '2026-03-22 04:43:02'),
(357, 3, 100.00, 39.00, '2026-03-22 04:43:12'),
(358, 3, 100.00, 39.00, '2026-03-22 04:43:22'),
(359, 3, 100.00, 44.00, '2026-03-22 04:43:32'),
(360, 3, 100.00, 41.00, '2026-03-22 04:43:42'),
(361, 3, 100.00, 39.00, '2026-03-22 04:43:52'),
(362, 3, 100.00, 45.00, '2026-03-22 04:44:02'),
(363, 3, 100.00, 42.00, '2026-03-22 04:44:12'),
(364, 3, 100.00, 42.00, '2026-03-22 04:44:22'),
(365, 3, 100.00, 39.00, '2026-03-22 04:44:32'),
(366, 3, 100.00, 41.00, '2026-03-22 04:44:43'),
(367, 3, 100.00, 38.00, '2026-03-22 04:44:52'),
(368, 3, 100.00, 43.00, '2026-03-22 04:45:02'),
(369, 3, 100.00, 42.00, '2026-03-22 04:45:12'),
(370, 3, 100.00, 39.00, '2026-03-22 04:45:22'),
(371, 3, 100.00, 41.00, '2026-03-22 04:45:32'),
(372, 3, 100.00, 40.00, '2026-03-22 04:45:42'),
(373, 3, 100.00, 38.00, '2026-03-22 04:45:52'),
(374, 3, 100.00, 43.00, '2026-03-22 04:46:02'),
(375, 3, 100.00, 40.00, '2026-03-22 04:46:15'),
(376, 3, 100.00, 38.00, '2026-03-22 04:46:22'),
(377, 3, 100.00, 44.00, '2026-03-22 04:46:32'),
(378, 3, 100.00, 43.00, '2026-03-22 04:46:42'),
(379, 3, 100.00, 43.00, '2026-03-22 04:46:52'),
(380, 3, 100.00, 39.00, '2026-03-22 04:47:02'),
(381, 3, 100.00, 45.00, '2026-03-22 04:47:12'),
(382, 3, 100.00, 44.00, '2026-03-22 04:47:22'),
(383, 3, 100.00, 42.00, '2026-03-22 04:47:33'),
(384, 3, 100.00, 40.00, '2026-03-22 04:47:42'),
(385, 3, 100.00, 38.00, '2026-03-22 04:47:52'),
(386, 3, 100.00, 81.00, '2026-03-22 20:08:54'),
(387, 3, 100.00, 78.00, '2026-03-22 20:09:04'),
(388, 3, 100.00, 77.00, '2026-03-22 20:09:14'),
(389, 3, 100.00, 75.00, '2026-03-22 20:09:24'),
(390, 3, 100.00, 73.00, '2026-03-22 20:09:34'),
(391, 3, 100.00, 72.00, '2026-03-22 20:09:44'),
(392, 3, 100.00, 70.00, '2026-03-22 20:09:54'),
(393, 3, 100.00, 67.00, '2026-03-22 20:10:04'),
(394, 3, 100.00, 65.00, '2026-03-22 20:10:14'),
(395, 3, 100.00, 63.00, '2026-03-22 20:10:24'),
(396, 3, 100.00, 60.00, '2026-03-22 20:10:34'),
(397, 3, 100.00, 59.00, '2026-03-22 20:10:44'),
(398, 3, 100.00, 58.00, '2026-03-22 20:10:54'),
(399, 3, 100.00, 55.00, '2026-03-22 20:11:04'),
(400, 3, 100.00, 54.00, '2026-03-22 20:11:14'),
(401, 3, 100.00, 52.00, '2026-03-22 20:11:24'),
(402, 3, 92.00, 81.00, '2026-03-22 20:16:16'),
(403, 3, 0.00, 78.00, '2026-03-22 20:16:26'),
(404, 3, 0.00, 77.00, '2026-03-22 20:16:37'),
(405, 3, 95.00, 74.00, '2026-03-22 20:16:46'),
(406, 3, 25.00, 73.00, '2026-03-22 20:16:56'),
(407, 3, 25.00, 72.00, '2026-03-22 20:17:06'),
(408, 3, 26.00, 71.00, '2026-03-22 20:17:16'),
(409, 3, 86.00, 70.00, '2026-03-22 20:17:26'),
(410, 3, 85.00, 69.00, '2026-03-22 20:17:36'),
(411, 3, 0.00, 67.00, '2026-03-22 20:17:46'),
(412, 3, 0.00, 65.00, '2026-03-22 20:17:56'),
(413, 3, 0.00, 62.00, '2026-03-22 20:18:06'),
(414, 3, 0.00, 60.00, '2026-03-22 20:18:16'),
(415, 3, 65.00, 57.00, '2026-03-22 20:18:26'),
(416, 3, 68.00, 56.00, '2026-03-22 20:18:36'),
(417, 3, 68.00, 55.00, '2026-03-22 20:18:46'),
(418, 3, 65.00, 53.00, '2026-03-22 20:18:56'),
(419, 3, 59.00, 51.00, '2026-03-22 20:19:06'),
(420, 3, 86.00, 48.00, '2026-03-22 20:19:16'),
(421, 3, 89.00, 45.00, '2026-03-22 20:19:26'),
(422, 3, 89.00, 42.00, '2026-03-22 20:19:36'),
(423, 3, 92.00, 39.00, '2026-03-22 20:19:46'),
(424, 3, 92.00, 43.00, '2026-03-22 20:19:56'),
(425, 3, 92.00, 42.00, '2026-03-22 20:20:06'),
(426, 3, 92.00, 40.00, '2026-03-22 20:20:16'),
(427, 3, 0.00, 39.00, '2026-03-22 20:20:26'),
(428, 3, 0.00, 45.00, '2026-03-22 20:20:36'),
(429, 3, 0.00, 43.00, '2026-03-22 20:20:46'),
(430, 3, 0.00, 40.00, '2026-03-22 20:20:56'),
(431, 3, 0.00, 39.00, '2026-03-22 20:21:06'),
(432, 3, 0.00, 45.00, '2026-03-22 20:21:16'),
(433, 3, 0.00, 43.00, '2026-03-22 20:21:26'),
(434, 3, 0.00, 42.00, '2026-03-22 20:21:36'),
(435, 3, 0.00, 41.00, '2026-03-22 20:21:46'),
(436, 3, 0.00, 38.00, '2026-03-22 20:21:56'),
(437, 3, 0.00, 44.00, '2026-03-22 20:22:06'),
(438, 3, 0.00, 41.00, '2026-03-22 20:22:16'),
(439, 3, 0.00, 40.00, '2026-03-22 20:22:26'),
(440, 3, 34.00, 37.00, '2026-03-22 20:22:36'),
(441, 3, 55.00, 39.00, '2026-03-22 20:22:46'),
(442, 3, 55.00, 42.00, '2026-03-22 20:22:56'),
(443, 3, 78.00, 41.00, '2026-03-22 20:23:06'),
(444, 3, 81.00, 40.00, '2026-03-22 20:23:16'),
(445, 3, 20.00, 38.00, '2026-03-22 20:23:26'),
(446, 3, 84.00, 41.00, '2026-03-22 20:23:36'),
(447, 3, 85.00, 40.00, '2026-03-22 20:23:46'),
(448, 3, 0.00, 38.00, '2026-03-22 20:23:56'),
(449, 3, 0.00, 43.00, '2026-03-22 20:24:06'),
(450, 3, 0.00, 42.00, '2026-03-22 20:24:16'),
(451, 3, 0.00, 41.00, '2026-03-22 20:24:26'),
(452, 3, 0.00, 38.00, '2026-03-22 20:24:36'),
(453, 3, 0.00, 43.00, '2026-03-22 20:24:46'),
(454, 3, 0.00, 41.00, '2026-03-22 20:24:56'),
(455, 3, 0.00, 40.00, '2026-03-22 20:25:09'),
(456, 3, 0.00, 39.00, '2026-03-22 20:25:16'),
(457, 3, 0.00, 41.00, '2026-03-22 20:25:26'),
(458, 3, 0.00, 38.00, '2026-03-22 20:25:36'),
(459, 3, 0.00, 40.00, '2026-03-22 20:25:46'),
(460, 3, 0.00, 38.00, '2026-03-22 20:25:56'),
(461, 3, 0.00, 41.00, '2026-03-22 20:26:06'),
(462, 3, 0.00, 39.00, '2026-03-22 20:26:16'),
(463, 3, 0.00, 38.00, '2026-03-22 20:26:26'),
(464, 3, 0.00, 35.00, '2026-03-22 20:26:36'),
(465, 3, 0.00, 33.00, '2026-03-22 20:26:46'),
(466, 3, 0.00, 32.00, '2026-03-22 20:26:56'),
(467, 3, 0.00, 38.00, '2026-03-22 20:27:06'),
(468, 3, 0.00, 36.00, '2026-03-22 20:27:16'),
(469, 3, 0.00, 35.00, '2026-03-22 20:27:26'),
(470, 3, 0.00, 33.00, '2026-03-22 20:27:36'),
(471, 3, 0.00, 30.00, '2026-03-22 20:27:46'),
(472, 3, 0.00, 32.00, '2026-03-22 20:27:56'),
(473, 3, 0.00, 38.00, '2026-03-22 20:28:06'),
(474, 3, 0.00, 36.00, '2026-03-22 20:28:16'),
(475, 3, 0.00, 35.00, '2026-03-22 20:28:27'),
(476, 3, 0.00, 33.00, '2026-03-22 20:28:36'),
(477, 3, 0.00, 32.00, '2026-03-22 20:28:46'),
(478, 3, 94.00, 35.00, '2026-03-22 20:28:56'),
(479, 3, 94.00, 32.00, '2026-03-22 20:29:06'),
(480, 3, 5.00, 34.00, '2026-03-22 20:29:16'),
(481, 3, 0.00, 31.00, '2026-03-22 20:29:26'),
(482, 3, 0.00, 36.00, '2026-03-22 20:29:36'),
(483, 3, 0.00, 34.00, '2026-03-22 20:29:46'),
(484, 3, 0.00, 33.00, '2026-03-22 20:29:56'),
(485, 3, 0.00, 31.00, '2026-03-22 20:30:07'),
(486, 3, 0.00, 36.00, '2026-03-22 20:30:16'),
(487, 3, 0.00, 34.00, '2026-03-22 20:30:26'),
(488, 3, 0.00, 31.00, '2026-03-22 20:30:36'),
(489, 3, 0.00, 33.00, '2026-03-22 20:30:46'),
(490, 3, 0.00, 30.00, '2026-03-22 20:30:56'),
(491, 3, 0.00, 33.00, '2026-03-22 20:31:06'),
(492, 3, 0.00, 30.00, '2026-03-22 20:31:16'),
(493, 3, 0.00, 36.00, '2026-03-22 20:31:26'),
(494, 3, 0.00, 34.00, '2026-03-22 20:31:36'),
(495, 3, 0.00, 33.00, '2026-03-22 20:31:46'),
(496, 3, 0.00, 30.00, '2026-03-22 20:31:56'),
(497, 3, 0.00, 33.00, '2026-03-22 20:32:06'),
(498, 3, 0.00, 30.00, '2026-03-22 20:32:16'),
(499, 3, 0.00, 35.00, '2026-03-22 20:32:26'),
(500, 3, 0.00, 33.00, '2026-03-22 20:32:36'),
(501, 3, 0.00, 32.00, '2026-03-22 20:32:46'),
(502, 3, 0.00, 35.00, '2026-03-22 20:32:56'),
(503, 3, 0.00, 34.00, '2026-03-22 20:33:06'),
(504, 3, 0.00, 32.00, '2026-03-22 20:33:16'),
(505, 3, 0.00, 37.00, '2026-03-22 20:33:26'),
(506, 3, 0.00, 35.00, '2026-03-22 20:33:36'),
(507, 3, 0.00, 33.00, '2026-03-22 20:33:46'),
(508, 3, 0.00, 31.00, '2026-03-22 20:33:56'),
(509, 3, 0.00, 33.00, '2026-03-22 20:34:06'),
(510, 3, 0.00, 30.00, '2026-03-22 20:34:16'),
(511, 3, 0.00, 34.00, '2026-03-22 20:34:27'),
(512, 3, 0.00, 31.00, '2026-03-22 20:34:36'),
(513, 3, 92.00, 37.00, '2026-03-22 20:34:46'),
(514, 3, 94.00, 35.00, '2026-03-22 20:34:56'),
(515, 3, 96.00, 32.00, '2026-03-22 20:35:06'),
(516, 3, 0.00, 38.00, '2026-03-22 20:35:16'),
(517, 3, 0.00, 36.00, '2026-03-22 20:35:26'),
(518, 3, 0.00, 33.00, '2026-03-22 20:35:37'),
(519, 3, 0.00, 31.00, '2026-03-22 20:35:46'),
(520, 3, 0.00, 34.00, '2026-03-22 20:35:56'),
(521, 3, 0.00, 32.00, '2026-03-22 20:36:06'),
(522, 3, 0.00, 37.00, '2026-03-22 20:36:16'),
(523, 3, 0.00, 36.00, '2026-03-22 20:36:26'),
(524, 3, 0.00, 34.00, '2026-03-22 20:36:36'),
(525, 3, 0.00, 33.00, '2026-03-22 20:36:46'),
(526, 3, 0.00, 30.00, '2026-03-22 20:36:56'),
(527, 3, 0.00, 34.00, '2026-03-22 20:37:06'),
(528, 3, 0.00, 32.00, '2026-03-22 20:37:16'),
(529, 3, 0.00, 34.00, '2026-03-22 20:37:26'),
(530, 3, 0.00, 33.00, '2026-03-22 20:37:36'),
(531, 3, 0.00, 30.00, '2026-03-22 20:37:46'),
(532, 3, 0.00, 35.00, '2026-03-22 20:37:56'),
(533, 3, 0.00, 33.00, '2026-03-22 20:38:06'),
(534, 3, 0.00, 30.00, '2026-03-22 20:38:16'),
(535, 3, 0.00, 32.00, '2026-03-22 20:38:26'),
(536, 3, 0.00, 35.00, '2026-03-22 20:38:36'),
(537, 3, 0.00, 33.00, '2026-03-22 20:38:46'),
(538, 3, 0.00, 31.00, '2026-03-22 20:38:56'),
(539, 3, 0.00, 37.00, '2026-03-22 20:39:06'),
(540, 3, 0.00, 35.00, '2026-03-22 20:39:16'),
(541, 3, 0.00, 34.00, '2026-03-22 20:39:26'),
(542, 3, 0.00, 32.00, '2026-03-22 20:39:36'),
(543, 3, 0.00, 36.00, '2026-03-22 20:39:46'),
(544, 3, 0.00, 35.00, '2026-03-22 20:39:56'),
(545, 3, 0.00, 33.00, '2026-03-22 20:40:06'),
(546, 3, 0.00, 32.00, '2026-03-22 20:40:16'),
(547, 3, 0.00, 38.00, '2026-03-22 20:40:26'),
(548, 3, 0.00, 36.00, '2026-03-22 20:40:36'),
(549, 3, 0.00, 33.00, '2026-03-22 20:40:46'),
(550, 3, 0.00, 32.00, '2026-03-22 20:40:56'),
(551, 3, 0.00, 37.00, '2026-03-22 20:41:06'),
(552, 3, 0.00, 35.00, '2026-03-22 20:41:16'),
(553, 3, 0.00, 32.00, '2026-03-22 20:41:26'),
(554, 3, 0.00, 34.00, '2026-03-22 20:41:36'),
(555, 3, 0.00, 32.00, '2026-03-22 20:41:47'),
(556, 3, 0.00, 38.00, '2026-03-22 20:41:56'),
(557, 3, 0.00, 37.00, '2026-03-22 20:42:06'),
(558, 3, 0.00, 36.00, '2026-03-22 20:42:16'),
(559, 3, 0.00, 34.00, '2026-03-22 20:42:26'),
(560, 3, 0.00, 32.00, '2026-03-22 20:42:36'),
(561, 3, 0.00, 34.00, '2026-03-22 20:42:46'),
(562, 3, 0.00, 33.00, '2026-03-22 20:42:56'),
(563, 3, 0.00, 31.00, '2026-03-22 20:43:07'),
(564, 3, 0.00, 33.00, '2026-03-22 20:43:16'),
(565, 3, 0.00, 30.00, '2026-03-22 20:43:26'),
(566, 3, 0.00, 32.00, '2026-03-22 20:43:36'),
(567, 3, 0.00, 38.00, '2026-03-22 20:43:46'),
(568, 3, 0.00, 36.00, '2026-03-22 20:43:56'),
(569, 3, 0.00, 35.00, '2026-03-22 20:44:06'),
(570, 3, 0.00, 32.00, '2026-03-22 20:44:16'),
(571, 3, 0.00, 34.00, '2026-03-22 20:44:26'),
(572, 3, 0.00, 31.00, '2026-03-22 20:44:36'),
(573, 3, 0.00, 33.00, '2026-03-22 20:44:46'),
(574, 3, 0.00, 32.00, '2026-03-22 20:44:56'),
(575, 3, 0.00, 34.00, '2026-03-22 20:45:06'),
(576, 3, 0.00, 31.00, '2026-03-22 20:45:16'),
(577, 3, 0.00, 33.00, '2026-03-22 20:45:26'),
(578, 3, 0.00, 30.00, '2026-03-22 20:45:36'),
(579, 3, 0.00, 36.00, '2026-03-22 20:45:46'),
(580, 3, 0.00, 34.00, '2026-03-22 20:45:56'),
(581, 3, 0.00, 31.00, '2026-03-22 20:46:06'),
(582, 3, 0.00, 33.00, '2026-03-22 20:46:16'),
(583, 3, 0.00, 30.00, '2026-03-22 20:46:26'),
(584, 3, 0.00, 32.00, '2026-03-22 20:46:36'),
(585, 3, 0.00, 36.00, '2026-03-22 20:46:46'),
(586, 3, 0.00, 33.00, '2026-03-22 20:46:56'),
(587, 3, 0.00, 31.00, '2026-03-22 20:47:07'),
(588, 3, 0.00, 33.00, '2026-03-22 20:47:16'),
(589, 3, 0.00, 31.00, '2026-03-22 20:47:26'),
(590, 3, 0.00, 36.00, '2026-03-22 20:47:36'),
(591, 3, 0.00, 34.00, '2026-03-22 20:47:46'),
(592, 3, 0.00, 31.00, '2026-03-22 20:47:56'),
(593, 3, 0.00, 37.00, '2026-03-22 20:48:06'),
(594, 3, 0.00, 34.00, '2026-03-22 20:48:16'),
(595, 3, 0.00, 31.00, '2026-03-22 20:48:26'),
(596, 3, 0.00, 33.00, '2026-03-22 20:48:36'),
(597, 3, 0.00, 30.00, '2026-03-22 20:48:46'),
(598, 3, 0.00, 32.00, '2026-03-22 20:48:56'),
(599, 3, 0.00, 36.00, '2026-03-22 20:49:06'),
(600, 3, 0.00, 33.00, '2026-03-22 20:49:17'),
(601, 3, 0.00, 31.00, '2026-03-22 20:49:26'),
(602, 3, 0.00, 36.00, '2026-03-22 20:49:36'),
(603, 3, 0.00, 35.00, '2026-03-22 20:49:46'),
(604, 3, 0.00, 33.00, '2026-03-22 20:49:56'),
(605, 3, 0.00, 30.00, '2026-03-22 20:50:06'),
(606, 3, 0.00, 36.00, '2026-03-22 20:50:16'),
(607, 3, 0.00, 33.00, '2026-03-22 20:50:26'),
(608, 3, 0.00, 30.00, '2026-03-22 20:50:36'),
(609, 3, 0.00, 34.00, '2026-03-22 20:50:46'),
(610, 3, 0.00, 32.00, '2026-03-22 20:50:56'),
(611, 3, 0.00, 36.00, '2026-03-22 20:51:06'),
(612, 3, 0.00, 34.00, '2026-03-22 20:51:16'),
(613, 3, 0.00, 31.00, '2026-03-22 20:51:27'),
(614, 3, 0.00, 35.00, '2026-03-22 20:51:36'),
(615, 3, 0.00, 33.00, '2026-03-22 20:51:46'),
(616, 3, 0.00, 30.00, '2026-03-22 20:51:56'),
(617, 3, 0.00, 33.00, '2026-03-22 20:52:06'),
(618, 3, 0.00, 31.00, '2026-03-22 20:52:16'),
(619, 3, 0.00, 37.00, '2026-03-22 20:52:26'),
(620, 3, 0.00, 34.00, '2026-03-22 20:52:36'),
(621, 3, 0.00, 32.00, '2026-03-22 20:52:46'),
(622, 3, 0.00, 34.00, '2026-03-22 20:52:56'),
(623, 3, 0.00, 32.00, '2026-03-22 20:53:06'),
(624, 3, 0.00, 35.00, '2026-03-22 20:53:16'),
(625, 3, 0.00, 32.00, '2026-03-22 20:53:26'),
(626, 3, 0.00, 38.00, '2026-03-22 20:53:36'),
(627, 3, 0.00, 37.00, '2026-03-22 20:53:46'),
(628, 3, 0.00, 34.00, '2026-03-22 20:53:56'),
(629, 3, 0.00, 32.00, '2026-03-22 20:54:06'),
(630, 3, 0.00, 36.00, '2026-03-22 20:54:16'),
(631, 3, 0.00, 33.00, '2026-03-22 20:54:26'),
(632, 3, 0.00, 32.00, '2026-03-22 20:54:36'),
(633, 3, 0.00, 37.00, '2026-03-22 20:54:46'),
(634, 3, 0.00, 36.00, '2026-03-22 20:54:56'),
(635, 3, 0.00, 35.00, '2026-03-22 20:55:06'),
(636, 3, 0.00, 34.00, '2026-03-22 20:55:16'),
(637, 3, 0.00, 32.00, '2026-03-22 20:55:26'),
(638, 3, 0.00, 36.00, '2026-03-22 20:55:36'),
(639, 3, 0.00, 33.00, '2026-03-22 20:55:46'),
(640, 3, 0.00, 30.00, '2026-03-22 20:55:56'),
(641, 3, 0.00, 35.00, '2026-03-22 20:56:06'),
(642, 3, 0.00, 33.00, '2026-03-22 20:56:16'),
(643, 3, 0.00, 31.00, '2026-03-22 20:56:26'),
(644, 3, 0.00, 33.00, '2026-03-22 20:56:36'),
(645, 3, 0.00, 32.00, '2026-03-22 20:56:46'),
(646, 3, 0.00, 35.00, '2026-03-22 20:56:56'),
(647, 3, 0.00, 33.00, '2026-03-22 20:57:06'),
(648, 3, 0.00, 30.00, '2026-03-22 20:57:16'),
(649, 3, 0.00, 36.00, '2026-03-22 20:57:26'),
(650, 3, 0.00, 35.00, '2026-03-22 20:57:36'),
(651, 3, 0.00, 32.00, '2026-03-22 20:57:46'),
(652, 3, 0.00, 36.00, '2026-03-22 20:57:56'),
(653, 3, 0.00, 34.00, '2026-03-22 20:58:06'),
(654, 3, 0.00, 33.00, '2026-03-22 20:58:16'),
(655, 3, 0.00, 30.00, '2026-03-22 20:58:26'),
(656, 3, 0.00, 32.00, '2026-03-22 20:58:36'),
(657, 3, 0.00, 35.00, '2026-03-22 20:58:46'),
(658, 3, 0.00, 33.00, '2026-03-22 20:58:56'),
(659, 3, 0.00, 32.00, '2026-03-22 20:59:06'),
(660, 3, 89.00, 38.00, '2026-03-22 20:59:16'),
(661, 3, 88.00, 36.00, '2026-03-22 20:59:26'),
(662, 3, 88.00, 34.00, '2026-03-22 20:59:36'),
(663, 3, 87.00, 32.00, '2026-03-22 20:59:46'),
(664, 3, 85.00, 36.00, '2026-03-22 20:59:56'),
(665, 3, 0.00, 35.00, '2026-03-22 21:00:06'),
(666, 3, 0.00, 33.00, '2026-03-22 21:00:16'),
(667, 3, 0.00, 32.00, '2026-03-22 21:00:26'),
(668, 3, 0.00, 38.00, '2026-03-22 21:00:36'),
(669, 3, 0.00, 35.00, '2026-03-22 21:00:46'),
(670, 3, 0.00, 34.00, '2026-03-22 21:00:56'),
(671, 3, 0.00, 31.00, '2026-03-22 21:01:06'),
(672, 3, 0.00, 33.00, '2026-03-22 21:01:16'),
(673, 3, 0.00, 30.00, '2026-03-22 21:01:26'),
(674, 3, 0.00, 35.00, '2026-03-22 21:01:36'),
(675, 3, 0.00, 34.00, '2026-03-22 21:01:46'),
(676, 3, 0.00, 33.00, '2026-03-22 21:01:56'),
(677, 3, 0.00, 31.00, '2026-03-22 21:02:06'),
(678, 3, 0.00, 34.00, '2026-03-22 21:02:16'),
(679, 3, 0.00, 32.00, '2026-03-22 21:02:26'),
(680, 3, 0.00, 34.00, '2026-03-22 21:02:36'),
(681, 3, 0.00, 31.00, '2026-03-22 21:02:46'),
(682, 3, 0.00, 37.00, '2026-03-22 21:02:56'),
(683, 3, 0.00, 36.00, '2026-03-22 21:03:06'),
(684, 3, 0.00, 34.00, '2026-03-22 21:03:16'),
(685, 3, 0.00, 31.00, '2026-03-22 21:03:26'),
(686, 3, 0.00, 33.00, '2026-03-22 21:03:36'),
(687, 3, 0.00, 31.00, '2026-03-22 21:03:46'),
(688, 3, 0.00, 33.00, '2026-03-22 21:03:56'),
(689, 3, 0.00, 30.00, '2026-03-22 21:04:06'),
(690, 3, 0.00, 36.00, '2026-03-22 21:04:16'),
(691, 3, 0.00, 35.00, '2026-03-22 21:04:26'),
(692, 3, 0.00, 32.00, '2026-03-22 21:04:36'),
(693, 3, 0.00, 37.00, '2026-03-22 21:04:46'),
(694, 3, 0.00, 36.00, '2026-03-22 21:04:56'),
(695, 3, 0.00, 33.00, '2026-03-22 21:05:06'),
(696, 3, 0.00, 30.00, '2026-03-22 21:05:16'),
(697, 3, 0.00, 32.00, '2026-03-22 21:05:26'),
(698, 3, 0.00, 37.00, '2026-03-22 21:05:36'),
(699, 3, 0.00, 36.00, '2026-03-22 21:05:46'),
(700, 3, 0.00, 35.00, '2026-03-22 21:05:56'),
(701, 3, 0.00, 32.00, '2026-03-22 21:06:07'),
(702, 3, 0.00, 36.00, '2026-03-22 21:06:16'),
(703, 3, 0.00, 33.00, '2026-03-22 21:06:26'),
(704, 3, 0.00, 32.00, '2026-03-22 21:06:36'),
(705, 3, 0.00, 36.00, '2026-03-22 21:06:46'),
(706, 3, 0.00, 35.00, '2026-03-22 21:06:56'),
(707, 3, 0.00, 34.00, '2026-03-22 21:07:06'),
(708, 3, 0.00, 32.00, '2026-03-22 21:07:16'),
(709, 3, 0.00, 37.00, '2026-03-22 21:07:26'),
(710, 3, 0.00, 35.00, '2026-03-22 21:07:36'),
(711, 3, 0.00, 34.00, '2026-03-22 21:07:46'),
(712, 3, 0.00, 32.00, '2026-03-22 21:07:56'),
(713, 3, 0.00, 37.00, '2026-03-22 21:08:07'),
(714, 3, 0.00, 34.00, '2026-03-22 21:08:16'),
(715, 3, 0.00, 32.00, '2026-03-22 21:08:26'),
(716, 3, 0.00, 37.00, '2026-03-22 21:08:36'),
(717, 3, 0.00, 35.00, '2026-03-22 21:08:46'),
(718, 3, 0.00, 32.00, '2026-03-22 21:08:56'),
(719, 3, 0.00, 35.00, '2026-03-22 21:09:06'),
(720, 3, 0.00, 34.00, '2026-03-22 21:09:16'),
(721, 3, 0.00, 32.00, '2026-03-22 21:09:26'),
(722, 3, 0.00, 38.00, '2026-03-22 21:09:36'),
(723, 3, 0.00, 35.00, '2026-03-22 21:09:46'),
(724, 3, 0.00, 33.00, '2026-03-22 21:09:56'),
(725, 3, 0.00, 30.00, '2026-03-22 21:10:06'),
(726, 3, 0.00, 32.00, '2026-03-22 21:10:16'),
(727, 3, 0.00, 38.00, '2026-03-22 21:10:26'),
(728, 3, 0.00, 36.00, '2026-03-22 21:10:36'),
(729, 3, 0.00, 35.00, '2026-03-22 21:10:46'),
(730, 3, 0.00, 32.00, '2026-03-22 21:10:56'),
(731, 3, 0.00, 35.00, '2026-03-22 21:11:06'),
(732, 3, 0.00, 34.00, '2026-03-22 21:11:16'),
(733, 3, 0.00, 31.00, '2026-03-22 21:11:26'),
(734, 3, 0.00, 34.00, '2026-03-22 21:11:36'),
(735, 3, 0.00, 32.00, '2026-03-22 21:11:46'),
(736, 3, 0.00, 36.00, '2026-03-22 21:11:56'),
(737, 3, 0.00, 33.00, '2026-03-22 21:12:06'),
(738, 3, 0.00, 32.00, '2026-03-22 21:12:16'),
(739, 3, 0.00, 38.00, '2026-03-22 21:12:26'),
(740, 3, 0.00, 35.00, '2026-03-22 21:12:36'),
(741, 3, 0.00, 32.00, '2026-03-22 21:12:46'),
(742, 3, 0.00, 38.00, '2026-03-22 21:12:56'),
(743, 3, 0.00, 36.00, '2026-03-22 21:13:06'),
(744, 3, 0.00, 35.00, '2026-03-22 21:13:16'),
(745, 3, 0.00, 33.00, '2026-03-22 21:13:26'),
(746, 3, 0.00, 30.00, '2026-03-22 21:13:36'),
(747, 3, 0.00, 35.00, '2026-03-22 21:13:46'),
(748, 3, 0.00, 33.00, '2026-03-22 21:13:56'),
(749, 3, 0.00, 30.00, '2026-03-22 21:14:06'),
(750, 3, 0.00, 35.00, '2026-03-22 21:14:16'),
(751, 3, 0.00, 34.00, '2026-03-22 21:14:26'),
(752, 3, 0.00, 31.00, '2026-03-22 21:14:36'),
(753, 3, 0.00, 35.00, '2026-03-22 21:14:47'),
(754, 3, 0.00, 34.00, '2026-03-22 21:14:56'),
(755, 3, 0.00, 33.00, '2026-03-22 21:15:06'),
(756, 3, 0.00, 31.00, '2026-03-22 21:15:16'),
(757, 3, 0.00, 36.00, '2026-03-22 21:15:26'),
(758, 3, 0.00, 35.00, '2026-03-22 21:15:36'),
(759, 3, 0.00, 32.00, '2026-03-22 21:15:47'),
(760, 3, 0.00, 34.00, '2026-03-22 21:15:56'),
(761, 3, 0.00, 31.00, '2026-03-22 21:16:06'),
(762, 3, 0.00, 37.00, '2026-03-22 21:16:16'),
(763, 3, 0.00, 34.00, '2026-03-22 21:16:26'),
(764, 3, 0.00, 32.00, '2026-03-22 21:16:36'),
(765, 3, 0.00, 35.00, '2026-03-22 21:16:46'),
(766, 3, 0.00, 33.00, '2026-03-22 21:16:56'),
(767, 3, 0.00, 30.00, '2026-03-22 21:17:06'),
(768, 3, 0.00, 32.00, '2026-03-22 21:17:16'),
(769, 3, 0.00, 37.00, '2026-03-22 21:17:26'),
(770, 3, 0.00, 36.00, '2026-03-22 21:17:36'),
(771, 3, 0.00, 35.00, '2026-03-22 21:17:46'),
(772, 3, 0.00, 34.00, '2026-03-22 21:17:56'),
(773, 3, 0.00, 33.00, '2026-03-22 21:18:06'),
(774, 3, 0.00, 32.00, '2026-03-22 21:18:17'),
(775, 3, 0.00, 37.00, '2026-03-22 21:18:26'),
(776, 3, 0.00, 34.00, '2026-03-22 21:18:36'),
(777, 3, 0.00, 33.00, '2026-03-22 21:18:46'),
(778, 3, 0.00, 32.00, '2026-03-22 21:18:56'),
(779, 3, 0.00, 38.00, '2026-03-22 21:19:06'),
(780, 3, 0.00, 37.00, '2026-03-22 21:19:16'),
(781, 3, 0.00, 36.00, '2026-03-22 21:19:26'),
(782, 3, 0.00, 33.00, '2026-03-22 21:19:36'),
(783, 3, 0.00, 31.00, '2026-03-22 21:19:46'),
(784, 3, 0.00, 34.00, '2026-03-22 21:19:56'),
(785, 3, 0.00, 32.00, '2026-03-22 21:20:06'),
(786, 3, 0.00, 38.00, '2026-03-22 21:20:16'),
(787, 3, 0.00, 35.00, '2026-03-22 21:20:26'),
(788, 3, 0.00, 32.00, '2026-03-22 21:20:36'),
(789, 3, 0.00, 37.00, '2026-03-22 21:20:46'),
(790, 3, 0.00, 36.00, '2026-03-22 21:20:56'),
(791, 3, 0.00, 33.00, '2026-03-22 21:21:06'),
(792, 3, 0.00, 31.00, '2026-03-22 21:21:16'),
(793, 3, 0.00, 34.00, '2026-03-22 21:21:26'),
(794, 3, 0.00, 31.00, '2026-03-22 21:21:36'),
(795, 3, 0.00, 37.00, '2026-03-22 21:21:46'),
(796, 3, 0.00, 36.00, '2026-03-22 21:21:56'),
(797, 3, 0.00, 35.00, '2026-03-22 21:22:06'),
(798, 3, 0.00, 34.00, '2026-03-22 21:22:16'),
(799, 3, 0.00, 31.00, '2026-03-22 21:22:27'),
(800, 3, 0.00, 34.00, '2026-03-22 21:22:36'),
(801, 3, 0.00, 33.00, '2026-03-22 21:22:46'),
(802, 3, 0.00, 31.00, '2026-03-22 21:22:56'),
(803, 3, 0.00, 33.00, '2026-03-22 21:23:06'),
(804, 3, 0.00, 30.00, '2026-03-22 21:23:16'),
(805, 3, 0.00, 35.00, '2026-03-22 21:23:26'),
(806, 3, 0.00, 32.00, '2026-03-22 21:23:36'),
(807, 3, 0.00, 37.00, '2026-03-22 21:23:46'),
(808, 3, 0.00, 35.00, '2026-03-22 21:23:56'),
(809, 3, 0.00, 34.00, '2026-03-22 21:24:06'),
(810, 3, 0.00, 31.00, '2026-03-22 21:24:16'),
(811, 3, 0.00, 36.00, '2026-03-22 21:24:26'),
(812, 3, 0.00, 35.00, '2026-03-22 21:24:36'),
(813, 3, 0.00, 34.00, '2026-03-22 21:24:46'),
(814, 3, 0.00, 32.00, '2026-03-22 21:24:56'),
(815, 3, 0.00, 34.00, '2026-03-22 21:25:06'),
(816, 3, 0.00, 32.00, '2026-03-22 21:25:16'),
(817, 3, 0.00, 35.00, '2026-03-22 21:25:27'),
(818, 3, 0.00, 34.00, '2026-03-22 21:25:36'),
(819, 3, 0.00, 32.00, '2026-03-22 21:25:46'),
(820, 3, 0.00, 35.00, '2026-03-22 21:25:56'),
(821, 3, 0.00, 34.00, '2026-03-22 21:26:06'),
(822, 3, 0.00, 32.00, '2026-03-22 21:26:16'),
(823, 3, 0.00, 36.00, '2026-03-22 21:26:26'),
(824, 3, 0.00, 35.00, '2026-03-22 21:26:36'),
(825, 3, 0.00, 34.00, '2026-03-22 21:26:46'),
(826, 3, 0.00, 32.00, '2026-03-22 21:26:56'),
(827, 3, 0.00, 38.00, '2026-03-22 21:27:06'),
(828, 3, 0.00, 36.00, '2026-03-22 21:27:16'),
(829, 3, 0.00, 35.00, '2026-03-22 21:27:26'),
(830, 3, 0.00, 32.00, '2026-03-22 21:27:36'),
(831, 3, 0.00, 35.00, '2026-03-22 21:27:46'),
(832, 3, 0.00, 34.00, '2026-03-22 21:27:56'),
(833, 3, 0.00, 31.00, '2026-03-22 21:28:07'),
(834, 3, 0.00, 37.00, '2026-03-22 21:28:16'),
(835, 3, 0.00, 34.00, '2026-03-22 21:28:26'),
(836, 3, 0.00, 31.00, '2026-03-22 21:28:37'),
(837, 3, 0.00, 36.00, '2026-03-22 21:28:46'),
(838, 3, 0.00, 35.00, '2026-03-22 21:28:56'),
(839, 3, 0.00, 34.00, '2026-03-22 21:29:06'),
(840, 3, 0.00, 33.00, '2026-03-22 21:29:16'),
(841, 3, 0.00, 31.00, '2026-03-22 21:29:26'),
(842, 3, 0.00, 37.00, '2026-03-22 21:29:36'),
(843, 3, 0.00, 35.00, '2026-03-22 21:29:46'),
(844, 3, 0.00, 34.00, '2026-03-22 21:29:56'),
(845, 3, 0.00, 32.00, '2026-03-22 21:30:06'),
(846, 3, 0.00, 37.00, '2026-03-22 21:30:16'),
(847, 3, 0.00, 34.00, '2026-03-22 21:30:26'),
(848, 3, 0.00, 31.00, '2026-03-22 21:30:36'),
(849, 3, 0.00, 36.00, '2026-03-22 21:30:46'),
(850, 3, 0.00, 35.00, '2026-03-22 21:30:56'),
(851, 3, 0.00, 34.00, '2026-03-22 21:31:06'),
(852, 3, 0.00, 31.00, '2026-03-22 21:31:16'),
(853, 3, 0.00, 37.00, '2026-03-22 21:31:26'),
(854, 3, 0.00, 36.00, '2026-03-22 21:31:36'),
(855, 3, 0.00, 34.00, '2026-03-22 21:31:46'),
(856, 3, 0.00, 31.00, '2026-03-22 21:31:56'),
(857, 3, 0.00, 34.00, '2026-03-22 21:32:06'),
(858, 3, 0.00, 33.00, '2026-03-22 21:32:16'),
(859, 3, 0.00, 31.00, '2026-03-22 21:32:26'),
(860, 3, 0.00, 33.00, '2026-03-22 21:32:36'),
(861, 3, 0.00, 32.00, '2026-03-22 21:32:46'),
(862, 3, 0.00, 35.00, '2026-03-22 21:32:56'),
(863, 3, 0.00, 34.00, '2026-03-22 21:33:06'),
(864, 3, 0.00, 33.00, '2026-03-22 21:33:16'),
(865, 3, 0.00, 30.00, '2026-03-22 21:33:26'),
(866, 3, 0.00, 36.00, '2026-03-22 21:33:36'),
(867, 3, 0.00, 33.00, '2026-03-22 21:33:46'),
(868, 3, 0.00, 32.00, '2026-03-22 21:33:56'),
(869, 3, 0.00, 36.00, '2026-03-22 21:34:06'),
(870, 3, 0.00, 35.00, '2026-03-22 21:34:16'),
(871, 3, 0.00, 34.00, '2026-03-22 21:34:26'),
(872, 3, 0.00, 31.00, '2026-03-22 21:34:36'),
(873, 3, 0.00, 33.00, '2026-03-22 21:34:46'),
(874, 3, 0.00, 30.00, '2026-03-22 21:34:56'),
(875, 3, 0.00, 32.00, '2026-03-22 21:35:06'),
(876, 3, 0.00, 35.00, '2026-03-22 21:35:16'),
(877, 3, 0.00, 32.00, '2026-03-22 21:35:26'),
(878, 3, 0.00, 38.00, '2026-03-22 21:35:36'),
(879, 3, 0.00, 37.00, '2026-03-22 21:35:46'),
(880, 3, 0.00, 34.00, '2026-03-22 21:35:56'),
(881, 3, 0.00, 32.00, '2026-03-22 21:36:06'),
(882, 3, 0.00, 35.00, '2026-03-22 21:36:16'),
(883, 3, 0.00, 32.00, '2026-03-22 21:36:26'),
(884, 3, 0.00, 38.00, '2026-03-22 21:36:36'),
(885, 3, 0.00, 37.00, '2026-03-22 21:36:46'),
(886, 3, 0.00, 34.00, '2026-03-22 21:36:56'),
(887, 3, 0.00, 33.00, '2026-03-22 21:37:06'),
(888, 3, 0.00, 30.00, '2026-03-22 21:37:16'),
(889, 3, 0.00, 36.00, '2026-03-22 21:37:27'),
(890, 3, 0.00, 34.00, '2026-03-22 21:37:36'),
(891, 3, 0.00, 33.00, '2026-03-22 21:37:46'),
(892, 3, 0.00, 31.00, '2026-03-22 21:37:56'),
(893, 3, 0.00, 33.00, '2026-03-22 21:38:06'),
(894, 3, 0.00, 32.00, '2026-03-22 21:38:16'),
(895, 3, 0.00, 36.00, '2026-03-22 21:38:26'),
(896, 3, 0.00, 33.00, '2026-03-22 21:38:36'),
(897, 3, 0.00, 31.00, '2026-03-22 21:38:46'),
(898, 3, 0.00, 34.00, '2026-03-22 21:38:56'),
(899, 3, 0.00, 31.00, '2026-03-22 21:39:06'),
(900, 3, 0.00, 35.00, '2026-03-22 21:39:16'),
(901, 3, 0.00, 32.00, '2026-03-22 21:39:26'),
(902, 3, 0.00, 38.00, '2026-03-22 21:39:36'),
(903, 3, 0.00, 37.00, '2026-03-22 21:39:46'),
(904, 3, 0.00, 35.00, '2026-03-22 21:39:56'),
(905, 3, 0.00, 34.00, '2026-03-22 21:40:06'),
(906, 3, 0.00, 33.00, '2026-03-22 21:40:16'),
(907, 3, 0.00, 31.00, '2026-03-22 21:40:26'),
(908, 3, 0.00, 36.00, '2026-03-22 21:40:36'),
(909, 3, 0.00, 34.00, '2026-03-22 21:40:46'),
(910, 3, 0.00, 32.00, '2026-03-22 21:40:56'),
(911, 3, 0.00, 37.00, '2026-03-22 21:41:06'),
(912, 3, 0.00, 35.00, '2026-03-22 21:41:16'),
(913, 3, 0.00, 33.00, '2026-03-22 21:41:26'),
(914, 3, 0.00, 31.00, '2026-03-22 21:41:36'),
(915, 3, 0.00, 36.00, '2026-03-22 21:41:46'),
(916, 3, 0.00, 33.00, '2026-03-22 21:41:56'),
(917, 3, 0.00, 32.00, '2026-03-22 21:42:07'),
(918, 3, 0.00, 38.00, '2026-03-22 21:42:16'),
(919, 3, 0.00, 37.00, '2026-03-22 21:42:26'),
(920, 3, 0.00, 35.00, '2026-03-22 21:42:37'),
(921, 3, 0.00, 34.00, '2026-03-22 21:42:46'),
(922, 3, 0.00, 33.00, '2026-03-22 21:42:56'),
(923, 3, 0.00, 32.00, '2026-03-22 21:43:06'),
(924, 3, 0.00, 37.00, '2026-03-22 21:43:16'),
(925, 3, 0.00, 34.00, '2026-03-22 21:43:26'),
(926, 3, 0.00, 31.00, '2026-03-22 21:43:37'),
(927, 3, 0.00, 35.00, '2026-03-22 21:43:46'),
(928, 3, 0.00, 33.00, '2026-03-22 21:43:56'),
(929, 3, 0.00, 30.00, '2026-03-22 21:44:06'),
(930, 3, 0.00, 35.00, '2026-03-22 21:44:16'),
(931, 3, 0.00, 34.00, '2026-03-22 21:44:26'),
(932, 3, 0.00, 33.00, '2026-03-22 21:44:37'),
(933, 3, 0.00, 32.00, '2026-03-22 21:44:46'),
(934, 3, 0.00, 35.00, '2026-03-22 21:44:56'),
(935, 3, 0.00, 33.00, '2026-03-22 21:45:06'),
(936, 3, 0.00, 30.00, '2026-03-22 21:45:17'),
(937, 3, 0.00, 36.00, '2026-03-22 21:45:26'),
(938, 3, 0.00, 33.00, '2026-03-22 21:45:36'),
(939, 3, 0.00, 32.00, '2026-03-22 21:45:46'),
(940, 3, 0.00, 37.00, '2026-03-22 21:45:56'),
(941, 3, 0.00, 36.00, '2026-03-22 21:46:06'),
(942, 3, 0.00, 33.00, '2026-03-22 21:46:16'),
(943, 3, 0.00, 31.00, '2026-03-22 21:46:26'),
(944, 3, 0.00, 37.00, '2026-03-22 21:46:36'),
(945, 3, 0.00, 36.00, '2026-03-22 21:46:46'),
(946, 3, 0.00, 34.00, '2026-03-22 21:46:56'),
(947, 3, 0.00, 32.00, '2026-03-22 21:47:06'),
(948, 3, 0.00, 38.00, '2026-03-22 21:47:16'),
(949, 3, 0.00, 36.00, '2026-03-22 21:47:26'),
(950, 3, 0.00, 34.00, '2026-03-22 21:47:36'),
(951, 3, 0.00, 32.00, '2026-03-22 21:47:46'),
(952, 3, 0.00, 37.00, '2026-03-22 21:47:56'),
(953, 3, 0.00, 35.00, '2026-03-22 21:48:06'),
(954, 3, 0.00, 33.00, '2026-03-22 21:48:16'),
(955, 3, 0.00, 30.00, '2026-03-22 21:48:26'),
(956, 3, 0.00, 36.00, '2026-03-22 21:48:36'),
(957, 3, 0.00, 35.00, '2026-03-22 21:48:46'),
(958, 3, 0.00, 32.00, '2026-03-22 21:48:56'),
(959, 3, 0.00, 37.00, '2026-03-22 21:49:06'),
(960, 3, 0.00, 35.00, '2026-03-22 21:49:16'),
(961, 3, 0.00, 33.00, '2026-03-22 21:49:26'),
(962, 3, 0.00, 31.00, '2026-03-22 21:49:36'),
(963, 3, 0.00, 34.00, '2026-03-22 21:49:46'),
(964, 3, 0.00, 32.00, '2026-03-22 21:49:56'),
(965, 3, 0.00, 38.00, '2026-03-22 21:50:06'),
(966, 3, 0.00, 36.00, '2026-03-22 21:50:16'),
(967, 3, 0.00, 35.00, '2026-03-22 21:50:26'),
(968, 3, 0.00, 33.00, '2026-03-22 21:50:36'),
(969, 3, 0.00, 32.00, '2026-03-22 21:50:46'),
(970, 3, 0.00, 38.00, '2026-03-22 21:50:56'),
(971, 3, 0.00, 37.00, '2026-03-22 21:51:06'),
(972, 3, 0.00, 36.00, '2026-03-22 21:51:16'),
(973, 3, 0.00, 33.00, '2026-03-22 21:51:26'),
(974, 3, 0.00, 32.00, '2026-03-22 21:51:36'),
(975, 3, 0.00, 37.00, '2026-03-22 21:51:46'),
(976, 3, 0.00, 35.00, '2026-03-22 21:51:56'),
(977, 3, 0.00, 34.00, '2026-03-22 21:52:06'),
(978, 3, 0.00, 32.00, '2026-03-22 21:52:16'),
(979, 3, 0.00, 38.00, '2026-03-22 21:52:26'),
(980, 3, 0.00, 36.00, '2026-03-22 21:52:36'),
(981, 3, 0.00, 34.00, '2026-03-22 21:52:46'),
(982, 3, 0.00, 32.00, '2026-03-22 21:52:56'),
(983, 3, 0.00, 36.00, '2026-03-22 21:53:06'),
(984, 3, 0.00, 33.00, '2026-03-22 21:53:16'),
(985, 3, 0.00, 31.00, '2026-03-22 21:53:26'),
(986, 3, 0.00, 36.00, '2026-03-22 21:53:36'),
(987, 3, 0.00, 33.00, '2026-03-22 21:53:46'),
(988, 3, 0.00, 31.00, '2026-03-22 21:53:56'),
(989, 3, 0.00, 35.00, '2026-03-22 21:54:06'),
(990, 3, 0.00, 33.00, '2026-03-22 21:54:16'),
(991, 3, 0.00, 30.00, '2026-03-22 21:54:26'),
(992, 3, 0.00, 34.00, '2026-03-22 21:54:36'),
(993, 3, 0.00, 33.00, '2026-03-22 21:54:46'),
(994, 3, 0.00, 32.00, '2026-03-22 21:54:56'),
(995, 3, 0.00, 37.00, '2026-03-22 21:55:06'),
(996, 3, 0.00, 36.00, '2026-03-22 21:55:16'),
(997, 3, 0.00, 34.00, '2026-03-22 21:55:26'),
(998, 3, 0.00, 33.00, '2026-03-22 21:55:36'),
(999, 3, 0.00, 31.00, '2026-03-22 21:55:46'),
(1000, 3, 0.00, 37.00, '2026-03-22 21:55:56'),
(1001, 3, 0.00, 35.00, '2026-03-22 21:56:06'),
(1002, 3, 0.00, 33.00, '2026-03-22 21:56:16'),
(1003, 3, 0.00, 32.00, '2026-03-22 21:56:26'),
(1004, 3, 0.00, 36.00, '2026-03-22 21:56:36'),
(1005, 3, 0.00, 35.00, '2026-03-22 21:56:46'),
(1006, 3, 0.00, 32.00, '2026-03-22 21:56:56'),
(1007, 3, 0.00, 35.00, '2026-03-22 21:57:06'),
(1008, 3, 0.00, 33.00, '2026-03-22 21:57:16'),
(1009, 3, 0.00, 31.00, '2026-03-22 21:57:26'),
(1010, 3, 0.00, 33.00, '2026-03-22 21:57:36'),
(1011, 3, 0.00, 31.00, '2026-03-22 21:57:46'),
(1012, 3, 0.00, 37.00, '2026-03-22 21:57:56'),
(1013, 3, 0.00, 34.00, '2026-03-22 21:58:06'),
(1014, 3, 0.00, 33.00, '2026-03-22 21:58:16'),
(1015, 3, 0.00, 31.00, '2026-03-22 21:58:26'),
(1016, 3, 0.00, 36.00, '2026-03-22 21:58:36'),
(1017, 3, 0.00, 34.00, '2026-03-22 21:58:46'),
(1018, 3, 0.00, 33.00, '2026-03-22 21:58:56'),
(1019, 3, 0.00, 30.00, '2026-03-22 21:59:06'),
(1020, 3, 0.00, 34.00, '2026-03-22 21:59:16'),
(1021, 3, 0.00, 33.00, '2026-03-22 21:59:26'),
(1022, 3, 0.00, 31.00, '2026-03-22 21:59:36'),
(1023, 3, 0.00, 36.00, '2026-03-22 21:59:46'),
(1024, 3, 0.00, 34.00, '2026-03-22 21:59:56'),
(1025, 3, 0.00, 33.00, '2026-03-22 22:00:07'),
(1026, 3, 0.00, 30.00, '2026-03-22 22:00:16'),
(1027, 3, 0.00, 35.00, '2026-03-22 22:00:26'),
(1028, 3, 0.00, 32.00, '2026-03-22 22:00:36'),
(1029, 3, 0.00, 37.00, '2026-03-22 22:00:46'),
(1030, 3, 0.00, 36.00, '2026-03-22 22:00:56'),
(1031, 3, 0.00, 33.00, '2026-03-22 22:01:06'),
(1032, 3, 0.00, 31.00, '2026-03-22 22:01:16'),
(1033, 3, 0.00, 35.00, '2026-03-22 22:01:26'),
(1034, 3, 0.00, 32.00, '2026-03-22 22:01:36'),
(1035, 3, 0.00, 34.00, '2026-03-22 22:01:46'),
(1036, 3, 0.00, 33.00, '2026-03-22 22:01:56'),
(1037, 3, 0.00, 32.00, '2026-03-22 22:02:06'),
(1038, 3, 0.00, 35.00, '2026-03-22 22:02:16'),
(1039, 3, 0.00, 34.00, '2026-03-22 22:02:26'),
(1040, 3, 0.00, 31.00, '2026-03-22 22:02:37'),
(1041, 3, 0.00, 33.00, '2026-03-22 22:02:46'),
(1042, 3, 0.00, 32.00, '2026-03-22 22:02:56'),
(1043, 3, 0.00, 36.00, '2026-03-22 22:03:06'),
(1044, 3, 0.00, 35.00, '2026-03-22 22:03:16'),
(1045, 3, 0.00, 33.00, '2026-03-22 22:03:26'),
(1046, 3, 0.00, 30.00, '2026-03-22 22:03:36'),
(1047, 3, 0.00, 36.00, '2026-03-22 22:03:46'),
(1048, 3, 0.00, 34.00, '2026-03-22 22:03:56'),
(1049, 3, 0.00, 31.00, '2026-03-22 22:04:06'),
(1050, 3, 0.00, 35.00, '2026-03-22 22:04:16'),
(1051, 3, 0.00, 33.00, '2026-03-22 22:04:26'),
(1052, 3, 0.00, 30.00, '2026-03-22 22:04:36'),
(1053, 3, 0.00, 32.00, '2026-03-22 22:04:46'),
(1054, 3, 0.00, 35.00, '2026-03-22 22:04:56'),
(1055, 3, 0.00, 33.00, '2026-03-22 22:05:06'),
(1056, 3, 0.00, 32.00, '2026-03-22 22:05:16'),
(1057, 3, 0.00, 35.00, '2026-03-22 22:05:26'),
(1058, 3, 0.00, 32.00, '2026-03-22 22:05:36'),
(1059, 3, 0.00, 34.00, '2026-03-22 22:05:46'),
(1060, 3, 0.00, 32.00, '2026-03-22 22:05:56'),
(1061, 3, 0.00, 38.00, '2026-03-22 22:06:06'),
(1062, 3, 0.00, 36.00, '2026-03-22 22:06:16'),
(1063, 3, 0.00, 35.00, '2026-03-22 22:06:26'),
(1064, 3, 0.00, 32.00, '2026-03-22 22:06:36'),
(1065, 3, 0.00, 38.00, '2026-03-22 22:06:46'),
(1066, 3, 0.00, 37.00, '2026-03-22 22:06:56'),
(1067, 3, 0.00, 35.00, '2026-03-22 22:07:06'),
(1068, 3, 0.00, 34.00, '2026-03-22 22:07:17'),
(1069, 3, 0.00, 33.00, '2026-03-22 22:07:26'),
(1070, 3, 0.00, 32.00, '2026-03-22 22:07:36'),
(1071, 3, 0.00, 34.00, '2026-03-22 22:07:46'),
(1072, 3, 0.00, 31.00, '2026-03-22 22:07:56'),
(1073, 3, 0.00, 35.00, '2026-03-22 22:08:06'),
(1074, 3, 0.00, 34.00, '2026-03-22 22:08:16'),
(1075, 3, 0.00, 32.00, '2026-03-22 22:08:26'),
(1076, 3, 0.00, 36.00, '2026-03-22 22:08:36'),
(1077, 3, 0.00, 33.00, '2026-03-22 22:08:46'),
(1078, 3, 0.00, 31.00, '2026-03-22 22:08:56'),
(1079, 3, 0.00, 34.00, '2026-03-22 22:09:06'),
(1080, 3, 0.00, 31.00, '2026-03-22 22:09:16'),
(1081, 3, 0.00, 34.00, '2026-03-22 22:09:26'),
(1082, 3, 0.00, 31.00, '2026-03-22 22:09:36'),
(1083, 3, 0.00, 36.00, '2026-03-22 22:09:46'),
(1084, 3, 0.00, 34.00, '2026-03-22 22:09:56'),
(1085, 3, 0.00, 32.00, '2026-03-22 22:10:06'),
(1086, 3, 0.00, 36.00, '2026-03-22 22:10:16'),
(1087, 3, 0.00, 33.00, '2026-03-22 22:10:26'),
(1088, 3, 0.00, 31.00, '2026-03-22 22:10:36'),
(1089, 3, 0.00, 34.00, '2026-03-22 22:10:46'),
(1090, 3, 0.00, 32.00, '2026-03-22 22:10:57'),
(1091, 3, 0.00, 37.00, '2026-03-22 22:11:07'),
(1092, 3, 0.00, 34.00, '2026-03-22 22:11:16'),
(1093, 3, 0.00, 33.00, '2026-03-22 22:11:26'),
(1094, 3, 0.00, 30.00, '2026-03-22 22:11:36'),
(1095, 3, 0.00, 33.00, '2026-03-22 22:11:47'),
(1096, 3, 0.00, 31.00, '2026-03-22 22:11:56'),
(1097, 3, 0.00, 34.00, '2026-03-22 22:12:06'),
(1098, 3, 0.00, 33.00, '2026-03-22 22:12:16'),
(1099, 3, 0.00, 32.00, '2026-03-22 22:12:26'),
(1100, 3, 0.00, 34.00, '2026-03-22 22:12:36'),
(1101, 3, 0.00, 32.00, '2026-03-22 22:12:47'),
(1102, 3, 0.00, 37.00, '2026-03-22 22:12:56'),
(1103, 3, 0.00, 35.00, '2026-03-22 22:13:06'),
(1104, 3, 0.00, 32.00, '2026-03-22 22:13:16'),
(1105, 3, 0.00, 37.00, '2026-03-22 22:13:26'),
(1106, 3, 0.00, 35.00, '2026-03-22 22:13:36'),
(1107, 3, 0.00, 34.00, '2026-03-22 22:13:46'),
(1108, 3, 0.00, 33.00, '2026-03-22 22:13:56'),
(1109, 3, 0.00, 30.00, '2026-03-22 22:14:06'),
(1110, 3, 0.00, 32.00, '2026-03-22 22:14:16'),
(1111, 3, 0.00, 38.00, '2026-03-22 22:14:26'),
(1112, 3, 0.00, 37.00, '2026-03-22 22:14:36'),
(1113, 3, 0.00, 36.00, '2026-03-22 22:14:46');
INSERT INTO `lecturas` (`id`, `instancia_id`, `humedad`, `nutrientes`, `fecha`) VALUES
(1114, 3, 0.00, 33.00, '2026-03-22 22:14:56'),
(1115, 3, 0.00, 31.00, '2026-03-22 22:15:06'),
(1116, 3, 0.00, 37.00, '2026-03-22 22:15:16'),
(1117, 3, 0.00, 36.00, '2026-03-22 22:15:26'),
(1118, 3, 0.00, 35.00, '2026-03-22 22:15:37'),
(1119, 3, 0.00, 34.00, '2026-03-22 22:15:46'),
(1120, 3, 0.00, 33.00, '2026-03-22 22:15:56'),
(1121, 3, 0.00, 31.00, '2026-03-22 22:16:06'),
(1122, 3, 0.00, 35.00, '2026-03-22 22:16:16'),
(1123, 3, 0.00, 32.00, '2026-03-22 22:16:26'),
(1124, 3, 0.00, 37.00, '2026-03-22 22:16:36'),
(1125, 3, 0.00, 34.00, '2026-03-22 22:16:47'),
(1126, 3, 0.00, 32.00, '2026-03-22 22:16:56'),
(1127, 3, 0.00, 36.00, '2026-03-22 22:17:06'),
(1128, 3, 0.00, 33.00, '2026-03-22 22:17:16'),
(1129, 3, 0.00, 30.00, '2026-03-22 22:17:26'),
(1130, 3, 0.00, 35.00, '2026-03-22 22:17:36'),
(1131, 3, 0.00, 34.00, '2026-03-22 22:17:46'),
(1132, 3, 0.00, 33.00, '2026-03-22 22:17:56'),
(1133, 3, 0.00, 32.00, '2026-03-22 22:18:06'),
(1134, 3, 0.00, 38.00, '2026-03-22 22:18:16'),
(1135, 3, 0.00, 35.00, '2026-03-22 22:18:26'),
(1136, 3, 0.00, 34.00, '2026-03-22 22:18:36'),
(1137, 3, 0.00, 32.00, '2026-03-22 22:18:46'),
(1138, 3, 0.00, 37.00, '2026-03-22 22:18:56'),
(1139, 3, 0.00, 35.00, '2026-03-22 22:19:06'),
(1140, 3, 0.00, 33.00, '2026-03-22 22:19:16'),
(1141, 3, 0.00, 31.00, '2026-03-22 22:19:26'),
(1142, 3, 0.00, 35.00, '2026-03-22 22:19:36'),
(1143, 3, 0.00, 34.00, '2026-03-22 22:19:47'),
(1144, 3, 0.00, 33.00, '2026-03-22 22:19:56'),
(1145, 3, 0.00, 32.00, '2026-03-22 22:20:06'),
(1146, 3, 0.00, 35.00, '2026-03-22 22:20:16'),
(1147, 3, 0.00, 33.00, '2026-03-22 22:20:26'),
(1148, 3, 0.00, 31.00, '2026-03-22 22:20:36'),
(1149, 3, 0.00, 34.00, '2026-03-22 22:20:46'),
(1150, 3, 0.00, 33.00, '2026-03-22 22:20:56'),
(1151, 3, 0.00, 31.00, '2026-03-22 22:21:06'),
(1152, 3, 0.00, 33.00, '2026-03-22 22:21:16'),
(1153, 3, 0.00, 30.00, '2026-03-22 22:21:26'),
(1154, 3, 0.00, 32.00, '2026-03-22 22:21:36'),
(1155, 3, 0.00, 38.00, '2026-03-22 22:21:46'),
(1156, 3, 0.00, 36.00, '2026-03-22 22:21:56'),
(1157, 3, 0.00, 33.00, '2026-03-22 22:22:06'),
(1158, 3, 0.00, 32.00, '2026-03-22 22:22:16'),
(1159, 3, 0.00, 34.00, '2026-03-22 22:22:26'),
(1160, 3, 0.00, 33.00, '2026-03-22 22:22:36'),
(1161, 3, 0.00, 32.00, '2026-03-22 22:22:46'),
(1162, 3, 0.00, 37.00, '2026-03-22 22:22:56'),
(1163, 3, 0.00, 34.00, '2026-03-22 22:23:07'),
(1164, 3, 0.00, 31.00, '2026-03-22 22:23:16'),
(1165, 3, 0.00, 36.00, '2026-03-22 22:23:26'),
(1166, 3, 0.00, 34.00, '2026-03-22 22:23:36'),
(1167, 3, 0.00, 32.00, '2026-03-22 22:23:46'),
(1168, 3, 0.00, 38.00, '2026-03-22 22:23:57'),
(1169, 3, 0.00, 35.00, '2026-03-22 22:24:06'),
(1170, 3, 0.00, 34.00, '2026-03-22 22:24:16'),
(1171, 3, 0.00, 31.00, '2026-03-22 22:24:26'),
(1172, 3, 0.00, 36.00, '2026-03-22 22:24:36'),
(1173, 3, 0.00, 33.00, '2026-03-22 22:24:46'),
(1174, 3, 0.00, 31.00, '2026-03-22 22:24:57'),
(1175, 3, 0.00, 34.00, '2026-03-22 22:25:06'),
(1176, 3, 0.00, 32.00, '2026-03-22 22:25:16'),
(1177, 3, 0.00, 37.00, '2026-03-22 22:25:26'),
(1178, 3, 0.00, 35.00, '2026-03-22 22:25:36'),
(1179, 3, 0.00, 33.00, '2026-03-22 22:25:46'),
(1180, 3, 0.00, 32.00, '2026-03-22 22:25:56'),
(1181, 3, 0.00, 36.00, '2026-03-22 22:26:06'),
(1182, 3, 0.00, 34.00, '2026-03-22 22:26:16'),
(1183, 3, 0.00, 31.00, '2026-03-22 22:26:26'),
(1184, 3, 0.00, 37.00, '2026-03-22 22:26:36'),
(1185, 3, 0.00, 34.00, '2026-03-22 22:26:46'),
(1186, 3, 0.00, 31.00, '2026-03-22 22:26:56'),
(1187, 3, 0.00, 33.00, '2026-03-22 22:27:06'),
(1188, 3, 0.00, 31.00, '2026-03-22 22:27:16'),
(1189, 3, 0.00, 35.00, '2026-03-22 22:27:26'),
(1190, 3, 0.00, 33.00, '2026-03-22 22:27:37'),
(1191, 3, 0.00, 32.00, '2026-03-22 22:27:46'),
(1192, 3, 0.00, 37.00, '2026-03-22 22:27:56'),
(1193, 3, 0.00, 35.00, '2026-03-22 22:28:06'),
(1194, 3, 0.00, 32.00, '2026-03-22 22:28:16'),
(1195, 3, 0.00, 34.00, '2026-03-22 22:28:26'),
(1196, 3, 0.00, 33.00, '2026-03-22 22:28:36'),
(1197, 3, 0.00, 30.00, '2026-03-22 22:28:46'),
(1198, 3, 0.00, 32.00, '2026-03-22 22:28:56'),
(1199, 3, 0.00, 35.00, '2026-03-22 22:29:06'),
(1200, 3, 0.00, 32.00, '2026-03-22 22:29:16'),
(1201, 3, 0.00, 36.00, '2026-03-22 22:29:26'),
(1202, 3, 0.00, 33.00, '2026-03-22 22:29:36'),
(1203, 3, 0.00, 32.00, '2026-03-22 22:29:46'),
(1204, 3, 0.00, 37.00, '2026-03-22 22:29:56'),
(1205, 3, 0.00, 35.00, '2026-03-22 22:30:06'),
(1206, 3, 0.00, 34.00, '2026-03-22 22:30:16'),
(1207, 3, 0.00, 33.00, '2026-03-22 22:30:27'),
(1208, 3, 0.00, 32.00, '2026-03-22 22:30:36'),
(1209, 3, 0.00, 36.00, '2026-03-22 22:30:46'),
(1210, 3, 0.00, 35.00, '2026-03-22 22:30:56'),
(1211, 3, 0.00, 34.00, '2026-03-22 22:31:06'),
(1212, 3, 0.00, 31.00, '2026-03-22 22:31:16'),
(1213, 3, 0.00, 34.00, '2026-03-22 22:31:26'),
(1214, 3, 0.00, 32.00, '2026-03-22 22:31:36'),
(1215, 3, 0.00, 35.00, '2026-03-22 22:31:46'),
(1216, 3, 0.00, 32.00, '2026-03-22 22:31:56'),
(1217, 3, 0.00, 38.00, '2026-03-22 22:32:06'),
(1218, 3, 0.00, 35.00, '2026-03-22 22:32:16'),
(1219, 3, 0.00, 33.00, '2026-03-22 22:32:26'),
(1220, 3, 0.00, 32.00, '2026-03-22 22:32:36'),
(1221, 3, 0.00, 37.00, '2026-03-22 22:32:46'),
(1222, 3, 0.00, 36.00, '2026-03-22 22:32:56'),
(1223, 3, 0.00, 33.00, '2026-03-22 22:33:06'),
(1224, 3, 0.00, 31.00, '2026-03-22 22:33:16'),
(1225, 3, 0.00, 33.00, '2026-03-22 22:33:27'),
(1226, 3, 0.00, 31.00, '2026-03-22 22:33:37'),
(1227, 3, 0.00, 36.00, '2026-03-22 22:33:46'),
(1228, 3, 0.00, 35.00, '2026-03-22 22:33:56'),
(1229, 3, 0.00, 33.00, '2026-03-22 22:34:06'),
(1230, 3, 0.00, 31.00, '2026-03-22 22:34:16'),
(1231, 3, 0.00, 33.00, '2026-03-22 22:34:26'),
(1232, 3, 0.00, 30.00, '2026-03-22 22:34:36'),
(1233, 3, 0.00, 33.00, '2026-03-22 22:34:46'),
(1234, 3, 0.00, 32.00, '2026-03-22 22:34:56'),
(1235, 3, 0.00, 35.00, '2026-03-22 22:35:06'),
(1236, 3, 0.00, 32.00, '2026-03-22 22:35:16'),
(1237, 3, 0.00, 37.00, '2026-03-22 22:35:26'),
(1238, 3, 0.00, 34.00, '2026-03-22 22:35:36'),
(1239, 3, 0.00, 31.00, '2026-03-22 22:35:46'),
(1240, 3, 0.00, 36.00, '2026-03-22 22:35:56'),
(1241, 3, 0.00, 35.00, '2026-03-22 22:36:07'),
(1242, 3, 0.00, 34.00, '2026-03-22 22:36:16'),
(1243, 3, 0.00, 31.00, '2026-03-22 22:36:26'),
(1244, 3, 0.00, 33.00, '2026-03-22 22:36:36'),
(1245, 3, 0.00, 31.00, '2026-03-22 22:36:46'),
(1246, 3, 0.00, 36.00, '2026-03-22 22:36:57'),
(1247, 3, 0.00, 34.00, '2026-03-22 22:37:06'),
(1248, 3, 0.00, 33.00, '2026-03-22 22:37:16'),
(1249, 3, 0.00, 32.00, '2026-03-22 22:37:26'),
(1250, 3, 0.00, 34.00, '2026-03-22 22:37:37'),
(1251, 3, 0.00, 33.00, '2026-03-22 22:37:46'),
(1252, 3, 0.00, 32.00, '2026-03-22 22:37:56'),
(1253, 3, 0.00, 37.00, '2026-03-22 22:38:06'),
(1254, 3, 0.00, 35.00, '2026-03-22 22:38:16'),
(1255, 3, 0.00, 32.00, '2026-03-22 22:38:26'),
(1256, 3, 0.00, 38.00, '2026-03-22 22:38:36'),
(1257, 3, 0.00, 37.00, '2026-03-22 22:38:46'),
(1258, 3, 0.00, 35.00, '2026-03-22 22:38:56'),
(1259, 3, 0.00, 33.00, '2026-03-22 22:39:06'),
(1260, 3, 0.00, 32.00, '2026-03-22 22:39:16'),
(1261, 3, 0.00, 34.00, '2026-03-22 22:39:26'),
(1262, 3, 0.00, 32.00, '2026-03-22 22:39:37'),
(1263, 3, 0.00, 38.00, '2026-03-22 22:39:46'),
(1264, 3, 0.00, 37.00, '2026-03-22 22:39:56'),
(1265, 3, 0.00, 35.00, '2026-03-22 22:40:06'),
(1266, 3, 0.00, 33.00, '2026-03-22 22:40:16'),
(1267, 3, 0.00, 30.00, '2026-03-22 22:40:26'),
(1268, 3, 0.00, 33.00, '2026-03-22 22:40:36'),
(1269, 3, 0.00, 32.00, '2026-03-22 22:40:47'),
(1270, 3, 0.00, 34.00, '2026-03-22 22:40:56'),
(1271, 3, 0.00, 33.00, '2026-03-22 22:41:06'),
(1272, 3, 0.00, 31.00, '2026-03-22 22:41:16'),
(1273, 3, 0.00, 34.00, '2026-03-22 22:41:26'),
(1274, 3, 0.00, 31.00, '2026-03-22 22:41:37'),
(1275, 3, 0.00, 37.00, '2026-03-22 22:41:46'),
(1276, 3, 0.00, 36.00, '2026-03-22 22:41:56'),
(1277, 3, 0.00, 33.00, '2026-03-22 22:42:06'),
(1278, 3, 0.00, 30.00, '2026-03-22 22:42:16'),
(1279, 3, 0.00, 36.00, '2026-03-22 22:42:26'),
(1280, 3, 0.00, 34.00, '2026-03-22 22:42:37'),
(1281, 3, 0.00, 32.00, '2026-03-22 22:42:47'),
(1282, 3, 0.00, 36.00, '2026-03-22 22:42:56'),
(1283, 3, 0.00, 33.00, '2026-03-22 22:43:07'),
(1284, 3, 0.00, 32.00, '2026-03-22 22:43:16'),
(1285, 3, 0.00, 38.00, '2026-03-22 22:43:26'),
(1286, 3, 0.00, 35.00, '2026-03-22 22:43:36'),
(1287, 3, 0.00, 32.00, '2026-03-22 22:43:46'),
(1288, 3, 0.00, 34.00, '2026-03-22 22:43:56'),
(1289, 3, 0.00, 32.00, '2026-03-22 22:44:06'),
(1290, 3, 0.00, 35.00, '2026-03-22 22:44:16'),
(1291, 3, 0.00, 33.00, '2026-03-22 22:44:26'),
(1292, 3, 0.00, 32.00, '2026-03-22 22:44:36'),
(1293, 3, 0.00, 38.00, '2026-03-22 22:44:46'),
(1294, 3, 0.00, 35.00, '2026-03-22 22:44:56'),
(1295, 3, 0.00, 32.00, '2026-03-22 22:45:06'),
(1296, 3, 0.00, 37.00, '2026-03-22 22:45:16'),
(1297, 3, 0.00, 35.00, '2026-03-22 22:45:26'),
(1298, 3, 0.00, 33.00, '2026-03-22 22:45:36'),
(1299, 3, 0.00, 32.00, '2026-03-22 22:45:46'),
(1300, 3, 0.00, 34.00, '2026-03-22 22:45:56'),
(1301, 3, 0.00, 31.00, '2026-03-22 22:46:07'),
(1302, 3, 0.00, 35.00, '2026-03-22 22:46:16'),
(1303, 3, 0.00, 33.00, '2026-03-22 22:46:26'),
(1304, 3, 0.00, 32.00, '2026-03-22 22:46:36'),
(1305, 3, 0.00, 35.00, '2026-03-22 22:46:46'),
(1306, 3, 0.00, 34.00, '2026-03-22 22:46:56'),
(1307, 3, 0.00, 33.00, '2026-03-22 22:47:07'),
(1308, 3, 0.00, 30.00, '2026-03-22 22:47:16'),
(1309, 3, 0.00, 35.00, '2026-03-22 22:47:26'),
(1310, 3, 0.00, 32.00, '2026-03-22 22:47:36'),
(1311, 3, 0.00, 37.00, '2026-03-22 22:47:46'),
(1312, 3, 0.00, 35.00, '2026-03-22 22:47:56'),
(1313, 3, 0.00, 32.00, '2026-03-22 22:48:06'),
(1314, 3, 0.00, 36.00, '2026-03-22 22:48:16'),
(1315, 3, 0.00, 34.00, '2026-03-22 22:48:26'),
(1316, 3, 0.00, 33.00, '2026-03-22 22:48:36'),
(1317, 3, 0.00, 31.00, '2026-03-22 22:48:46'),
(1318, 3, 0.00, 33.00, '2026-03-22 22:48:56'),
(1319, 3, 0.00, 30.00, '2026-03-22 22:49:07'),
(1320, 3, 0.00, 32.00, '2026-03-22 22:49:16'),
(1321, 3, 0.00, 34.00, '2026-03-22 22:49:26'),
(1322, 3, 0.00, 31.00, '2026-03-22 22:49:36'),
(1323, 3, 0.00, 35.00, '2026-03-22 22:49:46'),
(1324, 3, 0.00, 32.00, '2026-03-22 22:49:56'),
(1325, 3, 0.00, 35.00, '2026-03-22 22:50:06'),
(1326, 3, 0.00, 32.00, '2026-03-22 22:50:16'),
(1327, 3, 0.00, 35.00, '2026-03-22 22:50:27'),
(1328, 3, 0.00, 32.00, '2026-03-22 22:50:37'),
(1329, 3, 0.00, 35.00, '2026-03-22 22:50:46'),
(1330, 3, 0.00, 33.00, '2026-03-22 22:50:56'),
(1331, 3, 0.00, 30.00, '2026-03-22 22:51:06'),
(1332, 3, 0.00, 35.00, '2026-03-22 22:51:16'),
(1333, 3, 0.00, 34.00, '2026-03-22 22:51:26'),
(1334, 3, 0.00, 33.00, '2026-03-22 22:51:36'),
(1335, 3, 0.00, 32.00, '2026-03-22 22:51:46'),
(1336, 3, 0.00, 37.00, '2026-03-22 22:51:56'),
(1337, 3, 0.00, 35.00, '2026-03-22 22:52:06'),
(1338, 3, 0.00, 32.00, '2026-03-22 22:52:16'),
(1339, 3, 0.00, 38.00, '2026-03-22 22:52:26'),
(1340, 3, 0.00, 37.00, '2026-03-22 22:52:36'),
(1341, 3, 0.00, 34.00, '2026-03-22 22:52:46'),
(1342, 3, 0.00, 31.00, '2026-03-22 22:52:56'),
(1343, 3, 0.00, 35.00, '2026-03-22 22:53:06'),
(1344, 3, 0.00, 32.00, '2026-03-22 22:53:16'),
(1345, 3, 0.00, 35.00, '2026-03-22 22:53:26'),
(1346, 3, 0.00, 34.00, '2026-03-22 22:53:36'),
(1347, 3, 0.00, 32.00, '2026-03-22 22:53:46'),
(1348, 3, 0.00, 34.00, '2026-03-22 22:53:56'),
(1349, 3, 0.00, 33.00, '2026-03-22 22:54:06'),
(1350, 3, 0.00, 31.00, '2026-03-22 22:54:17'),
(1351, 3, 0.00, 35.00, '2026-03-22 22:54:26'),
(1352, 3, 0.00, 34.00, '2026-03-22 22:54:37'),
(1353, 3, 0.00, 33.00, '2026-03-22 22:54:46'),
(1354, 3, 0.00, 31.00, '2026-03-22 22:54:58'),
(1355, 3, 0.00, 35.00, '2026-03-22 22:55:08'),
(1356, 3, 0.00, 34.00, '2026-03-22 22:55:16'),
(1357, 3, 0.00, 32.00, '2026-03-22 22:55:26'),
(1358, 3, 0.00, 38.00, '2026-03-22 22:55:36'),
(1359, 3, 0.00, 37.00, '2026-03-22 22:55:46'),
(1360, 3, 0.00, 36.00, '2026-03-22 22:55:56'),
(1361, 3, 0.00, 33.00, '2026-03-22 22:56:07'),
(1362, 3, 0.00, 30.00, '2026-03-22 22:56:16'),
(1363, 3, 0.00, 36.00, '2026-03-22 22:56:26'),
(1364, 3, 0.00, 34.00, '2026-03-22 22:56:36'),
(1365, 3, 0.00, 31.00, '2026-03-22 22:56:47'),
(1366, 3, 0.00, 35.00, '2026-03-22 22:56:56'),
(1367, 3, 0.00, 34.00, '2026-03-22 22:57:06'),
(1368, 3, 0.00, 31.00, '2026-03-22 22:57:16'),
(1369, 3, 0.00, 33.00, '2026-03-22 22:57:26'),
(1370, 3, 0.00, 30.00, '2026-03-22 22:57:36'),
(1371, 3, 0.00, 32.00, '2026-03-22 22:57:46'),
(1372, 3, 0.00, 38.00, '2026-03-22 22:57:56'),
(1373, 3, 0.00, 35.00, '2026-03-22 22:58:06'),
(1374, 3, 0.00, 34.00, '2026-03-22 22:58:16'),
(1375, 3, 0.00, 31.00, '2026-03-22 22:58:26'),
(1376, 3, 0.00, 36.00, '2026-03-22 22:58:36'),
(1377, 3, 0.00, 35.00, '2026-03-22 22:58:46'),
(1378, 3, 0.00, 33.00, '2026-03-22 22:58:56'),
(1379, 3, 0.00, 32.00, '2026-03-22 22:59:07'),
(1380, 3, 0.00, 38.00, '2026-03-22 22:59:16'),
(1381, 3, 0.00, 37.00, '2026-03-22 22:59:26'),
(1382, 3, 0.00, 35.00, '2026-03-22 22:59:36'),
(1383, 3, 0.00, 32.00, '2026-03-22 22:59:46'),
(1384, 3, 0.00, 37.00, '2026-03-22 22:59:56'),
(1385, 3, 0.00, 36.00, '2026-03-22 23:00:06'),
(1386, 3, 0.00, 34.00, '2026-03-22 23:00:16'),
(1387, 3, 0.00, 33.00, '2026-03-22 23:00:26'),
(1388, 3, 0.00, 30.00, '2026-03-22 23:00:36'),
(1389, 3, 0.00, 36.00, '2026-03-22 23:00:46'),
(1390, 3, 0.00, 34.00, '2026-03-22 23:00:56'),
(1391, 3, 0.00, 33.00, '2026-03-22 23:01:08'),
(1392, 3, 0.00, 31.00, '2026-03-22 23:01:17'),
(1393, 3, 0.00, 34.00, '2026-03-22 23:01:26'),
(1394, 3, 0.00, 31.00, '2026-03-22 23:01:36'),
(1395, 3, 0.00, 33.00, '2026-03-22 23:01:46'),
(1396, 3, 0.00, 31.00, '2026-03-22 23:01:56'),
(1397, 3, 0.00, 37.00, '2026-03-22 23:02:07'),
(1398, 3, 0.00, 36.00, '2026-03-22 23:02:16'),
(1399, 3, 0.00, 34.00, '2026-03-22 23:02:26'),
(1400, 3, 0.00, 33.00, '2026-03-22 23:02:37'),
(1401, 3, 0.00, 31.00, '2026-03-22 23:02:46'),
(1402, 3, 0.00, 36.00, '2026-03-22 23:02:56'),
(1403, 3, 0.00, 35.00, '2026-03-22 23:03:07'),
(1404, 3, 0.00, 33.00, '2026-03-22 23:03:17'),
(1405, 3, 0.00, 30.00, '2026-03-22 23:03:26'),
(1406, 3, 0.00, 34.00, '2026-03-22 23:03:36'),
(1407, 3, 0.00, 31.00, '2026-03-22 23:03:46'),
(1408, 3, 0.00, 33.00, '2026-03-22 23:03:56'),
(1409, 3, 0.00, 32.00, '2026-03-22 23:04:07'),
(1410, 3, 0.00, 37.00, '2026-03-22 23:04:17'),
(1411, 3, 0.00, 35.00, '2026-03-22 23:04:26'),
(1412, 3, 0.00, 32.00, '2026-03-22 23:04:37'),
(1413, 3, 0.00, 38.00, '2026-03-22 23:04:46'),
(1414, 3, 0.00, 36.00, '2026-03-22 23:04:56'),
(1415, 3, 0.00, 33.00, '2026-03-22 23:05:07'),
(1416, 3, 0.00, 30.00, '2026-03-22 23:05:16'),
(1417, 3, 0.00, 36.00, '2026-03-22 23:05:26'),
(1418, 3, 0.00, 34.00, '2026-03-22 23:05:37'),
(1419, 3, 0.00, 33.00, '2026-03-22 23:05:47'),
(1420, 3, 0.00, 31.00, '2026-03-22 23:05:56'),
(1421, 3, 0.00, 36.00, '2026-03-22 23:06:07'),
(1422, 3, 0.00, 34.00, '2026-03-22 23:06:16'),
(1423, 3, 0.00, 32.00, '2026-03-22 23:06:26'),
(1424, 3, 0.00, 35.00, '2026-03-22 23:06:36'),
(1425, 3, 0.00, 33.00, '2026-03-22 23:06:46'),
(1426, 3, 0.00, 32.00, '2026-03-22 23:06:56'),
(1427, 3, 0.00, 37.00, '2026-03-22 23:07:06'),
(1428, 3, 1.00, 36.00, '2026-03-22 23:07:16'),
(1429, 3, 0.00, 33.00, '2026-03-22 23:07:26'),
(1430, 3, 0.00, 31.00, '2026-03-22 23:07:36'),
(1431, 3, 0.00, 35.00, '2026-03-22 23:07:46'),
(1432, 3, 0.00, 34.00, '2026-03-22 23:07:56'),
(1433, 3, 0.00, 32.00, '2026-03-22 23:08:06'),
(1434, 3, 0.00, 38.00, '2026-03-22 23:08:16'),
(1435, 3, 0.00, 37.00, '2026-03-22 23:08:26'),
(1436, 3, 0.00, 34.00, '2026-03-22 23:08:36'),
(1437, 3, 0.00, 32.00, '2026-03-22 23:08:46'),
(1438, 3, 0.00, 37.00, '2026-03-22 23:08:56'),
(1439, 3, 0.00, 35.00, '2026-03-22 23:09:06'),
(1440, 3, 0.00, 32.00, '2026-03-22 23:09:16'),
(1441, 3, 12.00, 35.00, '2026-03-22 23:09:27'),
(1442, 3, 85.00, 34.00, '2026-03-22 23:09:36'),
(1443, 3, 86.00, 32.00, '2026-03-22 23:09:46'),
(1444, 3, 86.00, 36.00, '2026-03-22 23:09:56'),
(1445, 3, 78.00, 33.00, '2026-03-22 23:10:06'),
(1446, 3, 71.00, 31.00, '2026-03-22 23:10:16'),
(1447, 3, 84.00, 33.00, '2026-03-22 23:10:26'),
(1448, 3, 84.00, 30.00, '2026-03-22 23:10:36'),
(1449, 3, 81.00, 36.00, '2026-03-22 23:10:46'),
(1450, 3, 84.00, 33.00, '2026-03-22 23:10:56'),
(1451, 3, 87.00, 31.00, '2026-03-22 23:11:06'),
(1452, 3, 87.00, 36.00, '2026-03-22 23:11:16'),
(1453, 3, 86.00, 35.00, '2026-03-22 23:11:27'),
(1454, 3, 87.00, 32.00, '2026-03-22 23:11:36'),
(1455, 3, 85.00, 36.00, '2026-03-22 23:11:46'),
(1456, 3, 87.00, 33.00, '2026-03-22 23:11:56'),
(1457, 3, 85.00, 32.00, '2026-03-22 23:12:06'),
(1458, 3, 83.00, 34.00, '2026-03-22 23:12:16'),
(1459, 3, 74.00, 31.00, '2026-03-22 23:12:26'),
(1460, 3, 75.00, 35.00, '2026-03-22 23:12:36'),
(1461, 3, 63.00, 34.00, '2026-03-22 23:12:46'),
(1462, 3, 66.00, 32.00, '2026-03-22 23:12:56'),
(1463, 3, 64.00, 37.00, '2026-03-22 23:13:07'),
(1464, 3, 69.00, 34.00, '2026-03-22 23:13:16'),
(1465, 3, 68.00, 33.00, '2026-03-22 23:13:26'),
(1466, 3, 70.00, 32.00, '2026-03-22 23:13:37'),
(1467, 3, 73.00, 38.00, '2026-03-22 23:13:46'),
(1468, 3, 73.00, 35.00, '2026-03-22 23:13:56'),
(1469, 3, 76.00, 34.00, '2026-03-22 23:14:07'),
(1470, 3, 74.00, 31.00, '2026-03-22 23:14:16'),
(1471, 3, 76.00, 35.00, '2026-03-22 23:14:26'),
(1472, 3, 0.00, 33.00, '2026-03-22 23:14:37'),
(1473, 3, 0.00, 31.00, '2026-03-22 23:14:46'),
(1474, 3, 0.00, 33.00, '2026-03-22 23:14:56');

-- --------------------------------------------------------

--
-- Estructura de tabla para la tabla `notas`
--

CREATE TABLE `notas` (
  `id` int(11) NOT NULL,
  `instancia_id` int(11) NOT NULL,
  `fecha` date NOT NULL,
  `hora` time DEFAULT NULL,
  `tipo` enum('nota','riego','fertilizacion','poda','cosecha','alerta','otro') DEFAULT 'nota',
  `texto` text NOT NULL,
  `auto` tinyint(1) DEFAULT 0,
  `creado_en` timestamp NOT NULL DEFAULT current_timestamp()
) ENGINE=InnoDB DEFAULT CHARSET=utf8mb4 COLLATE=utf8mb4_general_ci;

--
-- Volcado de datos para la tabla `notas`
--

INSERT INTO `notas` (`id`, `instancia_id`, `fecha`, `hora`, `tipo`, `texto`, `auto`, `creado_en`) VALUES
(1, 1, '2026-03-17', NULL, 'nota', 'Primera lectura del sensor, planta recién instalada.', 0, '2026-03-22 00:19:19'),
(2, 1, '2026-03-18', NULL, 'riego', 'Riego manual preventivo, humedad estaba en 28%.', 0, '2026-03-22 00:19:19'),
(3, 1, '2026-03-20', NULL, 'fertilizacion', 'Primera dosis de nutrientes vía surtidor automático.', 1, '2026-03-22 00:19:19');

-- --------------------------------------------------------

--
-- Estructura de tabla para la tabla `plantas`
--

CREATE TABLE `plantas` (
  `id` int(11) NOT NULL,
  `nombre_comun` varchar(255) DEFAULT NULL,
  `nombre_cientifico` varchar(255) DEFAULT NULL,
  `familia` varchar(255) DEFAULT NULL,
  `genero` varchar(255) DEFAULT NULL,
  `confianza` int(11) DEFAULT NULL,
  `organo` varchar(100) DEFAULT NULL,
  `imagen_subida` varchar(255) DEFAULT NULL,
  `imagen_referencia` text DEFAULT NULL,
  `fecha` timestamp NOT NULL DEFAULT current_timestamp()
) ENGINE=InnoDB DEFAULT CHARSET=utf8mb4 COLLATE=utf8mb4_general_ci;

--
-- Volcado de datos para la tabla `plantas`
--

INSERT INTO `plantas` (`id`, `nombre_comun`, `nombre_cientifico`, `familia`, `genero`, `confianza`, `organo`, `imagen_subida`, `imagen_referencia`, `fecha`) VALUES
(1, 'Manzanilla fina', 'Matricaria aurea (Loefl.) Sch.Bip.', 'Asteraceae', 'Matricaria', 38, 'No detectado', 'uploads/1774158321_manzanilla-beneficios-contraindicaciones.jpg', NULL, '2026-03-02 21:04:30'),
(2, 'No disponible', 'Helianthus bolanderi A.Gray', 'Asteraceae', 'Helianthus', 3, NULL, 'uploads/1772488083_girasols.jpg', NULL, '2026-03-02 21:48:05'),
(4, 'No disponible', 'Radyera farragei (F.Muell.) Fryxell & S.H.Hashmi', 'Malvaceae', 'Radyera', 7, NULL, 'uploads/1772488873_flort.jpg', NULL, '2026-03-02 22:01:18'),
(13, 'Rosa', 'Rosa centifolia L.', 'Rosaceae', 'Rosa', 16, NULL, 'uploads/1773334629_flort.jpg', NULL, '2026-03-12 16:56:43'),
(18, 'Marihuana', 'Cannabis sativa L.', 'Cannabaceae', 'Cannabis', 40, NULL, 'uploads/1773336166_images.jpg', NULL, '2026-03-12 17:22:55'),
(21, 'Girasol', 'Helianthus annuus L.', 'Asteraceae', 'Helianthus', 62, NULL, 'uploads/1773766296_sunflower-7887955_1280.jpg', NULL, '2026-03-17 16:51:43'),
(23, 'sdasadas', 'sdas', 'asd', 'asd', NULL, 'asd', 'uploads/1774139485_icono.png', NULL, '2026-03-22 00:31:25'),
(24, 'Marihuana', 'Cannabis sativa L.', 'Cannabaceae', 'Cannabis', 99, NULL, 'uploads/1774141210_marihuana-zodiacal.jpg', NULL, '2026-03-22 01:00:15'),
(25, 'Marihuana', 'Cannabis sativa L.', 'Cannabaceae', 'Cannabis', 99, NULL, 'uploads/1774141528_marihuana-zodiacal.jpg', NULL, '2026-03-22 01:05:34'),
(26, 'Marihuana', 'Cannabis sativa L.', 'Cannabaceae', 'Cannabis', 99, NULL, 'uploads/1774151039_marihuana-zodiacal.jpg', NULL, '2026-03-22 03:44:00'),
(27, 'Girasol', 'Helianthus annuus L.', 'Asteraceae', 'Helianthus', 62, NULL, 'uploads/1774157189_sunflower-7887955_1280.jpg', NULL, '2026-03-22 05:26:31'),
(28, 'Girasol', 'Helianthus annuus L.', 'Asteraceae', 'Helianthus', 62, NULL, 'uploads/1774158098_sunflower-7887955_1280.jpg', NULL, '2026-03-22 05:41:39'),
(29, 'Girasol', 'Helianthus annuus L.', 'Asteraceae', 'Helianthus', 62, NULL, 'uploads/1774158119_sunflower-7887955_1280.jpg', NULL, '2026-03-22 05:42:01'),
(30, 'mota', 'mota power', 'No especificada', 'macho', 100, NULL, 'uploads/1774158877_marihuana-zodiacal.jpg', NULL, '2026-03-22 05:52:25'),
(31, 'Rosa', 'rosa', 'nose', 'hembra', 100, NULL, NULL, NULL, '2026-03-22 05:55:39'),
(32, 'Mota', 'Mota Power', 'Chingona', 'Fluido', 100, NULL, 'uploads/1774162096_marihuana-zodiacal.jpg', NULL, '2026-03-22 06:48:18'),
(33, 'Artemisa', 'Tanacetum parthenium (L.) Sch.Bip.', 'Asteraceae', 'Tanacetum', 84, NULL, 'uploads/1774163069_manzanilla-beneficios-contraindicaciones.jpg', NULL, '2026-03-22 07:04:30'),
(34, 'Girasol', 'Helianthus annuus L.', 'Asteraceae', 'Helianthus', 62, NULL, 'uploads/1774199517_sunflower-7887955_1280.jpg', NULL, '2026-03-22 17:11:58'),
(35, 'Girasol', 'Helianthus annuus L.', 'Asteraceae', 'Helianthus', 62, NULL, 'uploads/1774199724_sunflower-7887955_1280.jpg', NULL, '2026-03-22 17:15:25'),
(36, 'asd', 'sd', 'sad', 'sad', 100, NULL, NULL, NULL, '2026-03-22 17:15:56'),
(37, 'fsdfsdfd', 'sfdf', 'sdfs', 'dsf', 100, NULL, NULL, NULL, '2026-03-22 17:19:17'),
(38, 'dsdfsdfds', 'dsfssdfsf', 'sdfd', 'dsfd', 100, NULL, NULL, NULL, '2026-03-22 17:27:31'),
(39, 'asd', 'asdasd', 'sad', 'asd', 100, NULL, NULL, NULL, '2026-03-22 17:30:33'),
(40, 'ada', 'a', 's', 's', 100, NULL, NULL, NULL, '2026-03-22 17:32:00'),
(41, 'ada', 'a', 'a', 'a', 100, NULL, NULL, NULL, '2026-03-22 17:36:16'),
(42, 'ada', 'a', 'a', 'a', 100, NULL, 'uploads/1774208508_hermosas-rosas-jardin-cultivando-diferentes-variedades-flores-jardineria-como-pasatiempo_162895-915.avif', NULL, '2026-03-22 19:38:34'),
(43, 'ada', 'a', 'a', 'a', 100, NULL, NULL, NULL, '2026-03-22 19:44:06'),
(44, 'ada', 'a', 'a', 'a', 100, NULL, NULL, NULL, '2026-03-22 19:50:07'),
(45, 'ada', 'a', 'a', 'a', 100, NULL, NULL, NULL, '2026-03-22 19:52:02'),
(46, 'ada', 'a', 'a', 'a', 100, NULL, 'uploads/1774209596_manzanilla-beneficios-contraindicaciones.jpg', NULL, '2026-03-22 19:59:58');

-- --------------------------------------------------------

--
-- Estructura de tabla para la tabla `usuarios`
--

CREATE TABLE `usuarios` (
  `id` int(11) NOT NULL,
  `nombre` varchar(100) NOT NULL,
  `email` varchar(150) NOT NULL,
  `password` varchar(255) NOT NULL,
  `rol` enum('admin','cliente') DEFAULT 'cliente',
  `fecha_registro` timestamp NOT NULL DEFAULT current_timestamp()
) ENGINE=InnoDB DEFAULT CHARSET=utf8mb4 COLLATE=utf8mb4_general_ci;

--
-- Volcado de datos para la tabla `usuarios`
--

INSERT INTO `usuarios` (`id`, `nombre`, `email`, `password`, `rol`, `fecha_registro`) VALUES
(1, 'Angel Ramos', 'angel@email.com', '8d969eef6ecad3c29a3a629280e686cf0c3f5d5a86aff3ca12020c923adc6c92', 'admin', '2026-03-22 00:19:19'),
(2, 'Pepe Fraid Soleno', 'elpepe@email.com', '8d969eef6ecad3c29a3a629280e686cf0c3f5d5a86aff3ca12020c923adc6c92', 'cliente', '2026-03-22 00:19:19'),
(3, 'jose perez', 'jose@gmail.com', '$2y$10$mB3lOek/mVQ5ZYwsKQD.HOKrmfcatYLvFbaB1IrKc86JbJhq4UWJ2', 'cliente', '2026-03-22 03:39:48'),
(4, 'patricia ramos', 'pato@gmail.com', '$2y$10$0CcXBuCboLDKvkImWbE1COK1Ow4YJZvyWegGGjI.CK1cyMdjx1uTe', 'cliente', '2026-03-22 03:41:22'),
(5, 'federico', 'fede@gmail.com', '$2y$10$LzW21slFpAeATAzniDGiluPXnNFW5DczSBifprIx2yj2WgqW2w0Aq', 'cliente', '2026-03-22 05:25:55'),
(6, 'angel ramos jain', 'angel.ramos.jain@estudiante.uacm.edu.mx', '$2y$10$Cz68c8RSrVI08hkpIoxaju8n1JefHS7PP8bRS2t3ycqVbV04mPVLe', 'admin', '2026-03-22 21:13:18');

-- --------------------------------------------------------

--
-- Estructura Stand-in para la vista `v_dashboard`
-- (Véase abajo para la vista actual)
--
CREATE TABLE `v_dashboard` (
`instancia_id` int(11)
,`alias` varchar(100)
,`ubicacion` varchar(255)
,`activa` tinyint(1)
,`usuario_id` int(11)
,`usuario_nombre` varchar(100)
,`numero_serie` varchar(100)
,`dispositivo_estado` enum('disponible','asignado','baja')
,`nombre_comun` varchar(255)
,`nombre_cientifico` varchar(255)
,`imagen_subida` varchar(255)
,`umbral_humedad` int(11)
,`umbral_nutrientes` int(11)
,`ventilacion` tinyint(1)
,`hora_encendido` time
,`hora_apagado` time
,`bomba` tinyint(1)
,`ventilador` tinyint(1)
,`luces` tinyint(1)
,`surtidor` tinyint(1)
,`humedad_actual` decimal(5,2)
,`nutrientes_actual` decimal(5,2)
,`ultima_actualizacion` timestamp
);

-- --------------------------------------------------------

--
-- Estructura Stand-in para la vista `v_historial`
-- (Véase abajo para la vista actual)
--
CREATE TABLE `v_historial` (
`instancia_id` int(11)
,`alias` varchar(100)
,`humedad` decimal(5,2)
,`nutrientes` decimal(5,2)
,`fecha` timestamp
);

-- --------------------------------------------------------

--
-- Estructura Stand-in para la vista `v_panel_admin`
-- (Véase abajo para la vista actual)
--
CREATE TABLE `v_panel_admin` (
`id` int(11)
,`numero_serie` varchar(100)
,`estado` enum('disponible','asignado','baja')
,`fecha_creacion` timestamp
,`fecha_asignacion` timestamp
,`usuario_nombre` varchar(100)
,`usuario_email` varchar(150)
,`instancia_alias` varchar(100)
,`instancia_activa` tinyint(1)
,`api_token` varchar(64)
,`token_ultimo_uso` timestamp
);

-- --------------------------------------------------------

--
-- Estructura para la vista `v_dashboard`
--
DROP TABLE IF EXISTS `v_dashboard`;

CREATE ALGORITHM=UNDEFINED DEFINER=`root`@`localhost` SQL SECURITY DEFINER VIEW `v_dashboard`  AS SELECT `i`.`id` AS `instancia_id`, `i`.`alias` AS `alias`, `i`.`ubicacion` AS `ubicacion`, `i`.`activa` AS `activa`, `u`.`id` AS `usuario_id`, `u`.`nombre` AS `usuario_nombre`, `d`.`numero_serie` AS `numero_serie`, `d`.`estado` AS `dispositivo_estado`, `p`.`nombre_comun` AS `nombre_comun`, `p`.`nombre_cientifico` AS `nombre_cientifico`, `p`.`imagen_subida` AS `imagen_subida`, `c`.`umbral_humedad` AS `umbral_humedad`, `c`.`umbral_nutrientes` AS `umbral_nutrientes`, `c`.`ventilacion` AS `ventilacion`, `c`.`hora_encendido` AS `hora_encendido`, `c`.`hora_apagado` AS `hora_apagado`, `ea`.`bomba` AS `bomba`, `ea`.`ventilador` AS `ventilador`, `ea`.`luces` AS `luces`, `ea`.`surtidor` AS `surtidor`, `ea`.`humedad` AS `humedad_actual`, `ea`.`nutrientes` AS `nutrientes_actual`, `ea`.`ultima_actualizacion` AS `ultima_actualizacion` FROM (((((`instancias` `i` join `usuarios` `u` on(`i`.`usuario_id` = `u`.`id`)) join `dispositivos` `d` on(`i`.`dispositivo_id` = `d`.`id`)) left join `plantas` `p` on(`i`.`planta_id` = `p`.`id`)) left join `control` `c` on(`i`.`id` = `c`.`instancia_id`)) left join `estado_actual` `ea` on(`i`.`id` = `ea`.`instancia_id`)) ;

-- --------------------------------------------------------

--
-- Estructura para la vista `v_historial`
--
DROP TABLE IF EXISTS `v_historial`;

CREATE ALGORITHM=UNDEFINED DEFINER=`root`@`localhost` SQL SECURITY DEFINER VIEW `v_historial`  AS SELECT `l`.`instancia_id` AS `instancia_id`, `i`.`alias` AS `alias`, `l`.`humedad` AS `humedad`, `l`.`nutrientes` AS `nutrientes`, `l`.`fecha` AS `fecha` FROM (`lecturas` `l` join `instancias` `i` on(`l`.`instancia_id` = `i`.`id`)) ORDER BY `l`.`fecha` DESC ;

-- --------------------------------------------------------

--
-- Estructura para la vista `v_panel_admin`
--
DROP TABLE IF EXISTS `v_panel_admin`;

CREATE ALGORITHM=UNDEFINED DEFINER=`root`@`localhost` SQL SECURITY DEFINER VIEW `v_panel_admin`  AS SELECT `d`.`id` AS `id`, `d`.`numero_serie` AS `numero_serie`, `d`.`estado` AS `estado`, `d`.`fecha_creacion` AS `fecha_creacion`, `d`.`fecha_asignacion` AS `fecha_asignacion`, `u`.`nombre` AS `usuario_nombre`, `u`.`email` AS `usuario_email`, `i`.`alias` AS `instancia_alias`, `i`.`activa` AS `instancia_activa`, `t`.`token` AS `api_token`, `t`.`ultimo_uso` AS `token_ultimo_uso` FROM (((`dispositivos` `d` left join `usuarios` `u` on(`d`.`usuario_id` = `u`.`id`)) left join `instancias` `i` on(`d`.`id` = `i`.`dispositivo_id`)) left join `api_tokens` `t` on(`d`.`id` = `t`.`dispositivo_id` and `t`.`activo` = 1)) ;

--
-- Índices para tablas volcadas
--

--
-- Indices de la tabla `api_tokens`
--
ALTER TABLE `api_tokens`
  ADD PRIMARY KEY (`id`),
  ADD UNIQUE KEY `uq_token` (`token`),
  ADD UNIQUE KEY `uq_dispositivo` (`dispositivo_id`),
  ADD KEY `fk_token_disp` (`dispositivo_id`);

--
-- Indices de la tabla `control`
--
ALTER TABLE `control`
  ADD PRIMARY KEY (`instancia_id`);

--
-- Indices de la tabla `dispositivos`
--
ALTER TABLE `dispositivos`
  ADD PRIMARY KEY (`id`),
  ADD UNIQUE KEY `uq_serie` (`numero_serie`),
  ADD KEY `fk_disp_usuario` (`usuario_id`);

--
-- Indices de la tabla `estado_actual`
--
ALTER TABLE `estado_actual`
  ADD PRIMARY KEY (`instancia_id`);

--
-- Indices de la tabla `instancias`
--
ALTER TABLE `instancias`
  ADD PRIMARY KEY (`id`),
  ADD UNIQUE KEY `uq_dispositivo_activo` (`dispositivo_id`),
  ADD KEY `fk_inst_usuario` (`usuario_id`),
  ADD KEY `fk_inst_planta` (`planta_id`);

--
-- Indices de la tabla `lecturas`
--
ALTER TABLE `lecturas`
  ADD PRIMARY KEY (`id`),
  ADD KEY `fk_lect_instancia` (`instancia_id`),
  ADD KEY `idx_lect_inst_fecha` (`instancia_id`,`fecha`);

--
-- Indices de la tabla `notas`
--
ALTER TABLE `notas`
  ADD PRIMARY KEY (`id`),
  ADD KEY `fk_nota_instancia` (`instancia_id`),
  ADD KEY `idx_nota_fecha` (`instancia_id`,`fecha`);

--
-- Indices de la tabla `plantas`
--
ALTER TABLE `plantas`
  ADD PRIMARY KEY (`id`);

--
-- Indices de la tabla `usuarios`
--
ALTER TABLE `usuarios`
  ADD PRIMARY KEY (`id`),
  ADD UNIQUE KEY `uq_email` (`email`);

--
-- AUTO_INCREMENT de las tablas volcadas
--

--
-- AUTO_INCREMENT de la tabla `api_tokens`
--
ALTER TABLE `api_tokens`
  MODIFY `id` int(11) NOT NULL AUTO_INCREMENT, AUTO_INCREMENT=40;

--
-- AUTO_INCREMENT de la tabla `dispositivos`
--
ALTER TABLE `dispositivos`
  MODIFY `id` int(11) NOT NULL AUTO_INCREMENT, AUTO_INCREMENT=8;

--
-- AUTO_INCREMENT de la tabla `instancias`
--
ALTER TABLE `instancias`
  MODIFY `id` int(11) NOT NULL AUTO_INCREMENT, AUTO_INCREMENT=19;

--
-- AUTO_INCREMENT de la tabla `lecturas`
--
ALTER TABLE `lecturas`
  MODIFY `id` int(11) NOT NULL AUTO_INCREMENT, AUTO_INCREMENT=1475;

--
-- AUTO_INCREMENT de la tabla `notas`
--
ALTER TABLE `notas`
  MODIFY `id` int(11) NOT NULL AUTO_INCREMENT, AUTO_INCREMENT=4;

--
-- AUTO_INCREMENT de la tabla `plantas`
--
ALTER TABLE `plantas`
  MODIFY `id` int(11) NOT NULL AUTO_INCREMENT, AUTO_INCREMENT=47;

--
-- AUTO_INCREMENT de la tabla `usuarios`
--
ALTER TABLE `usuarios`
  MODIFY `id` int(11) NOT NULL AUTO_INCREMENT, AUTO_INCREMENT=7;

--
-- Restricciones para tablas volcadas
--

--
-- Filtros para la tabla `api_tokens`
--
ALTER TABLE `api_tokens`
  ADD CONSTRAINT `fk_token_disp` FOREIGN KEY (`dispositivo_id`) REFERENCES `dispositivos` (`id`) ON DELETE CASCADE;

--
-- Filtros para la tabla `control`
--
ALTER TABLE `control`
  ADD CONSTRAINT `fk_ctrl_instancia` FOREIGN KEY (`instancia_id`) REFERENCES `instancias` (`id`) ON DELETE CASCADE;

--
-- Filtros para la tabla `dispositivos`
--
ALTER TABLE `dispositivos`
  ADD CONSTRAINT `fk_disp_usuario` FOREIGN KEY (`usuario_id`) REFERENCES `usuarios` (`id`) ON DELETE SET NULL;

--
-- Filtros para la tabla `estado_actual`
--
ALTER TABLE `estado_actual`
  ADD CONSTRAINT `fk_estado_instancia` FOREIGN KEY (`instancia_id`) REFERENCES `instancias` (`id`) ON DELETE CASCADE;

--
-- Filtros para la tabla `instancias`
--
ALTER TABLE `instancias`
  ADD CONSTRAINT `fk_inst_dispositivo` FOREIGN KEY (`dispositivo_id`) REFERENCES `dispositivos` (`id`) ON DELETE CASCADE,
  ADD CONSTRAINT `fk_inst_planta` FOREIGN KEY (`planta_id`) REFERENCES `plantas` (`id`) ON DELETE SET NULL,
  ADD CONSTRAINT `fk_inst_usuario` FOREIGN KEY (`usuario_id`) REFERENCES `usuarios` (`id`) ON DELETE CASCADE;

--
-- Filtros para la tabla `lecturas`
--
ALTER TABLE `lecturas`
  ADD CONSTRAINT `fk_lect_instancia` FOREIGN KEY (`instancia_id`) REFERENCES `instancias` (`id`) ON DELETE CASCADE;

--
-- Filtros para la tabla `notas`
--
ALTER TABLE `notas`
  ADD CONSTRAINT `fk_nota_instancia` FOREIGN KEY (`instancia_id`) REFERENCES `instancias` (`id`) ON DELETE CASCADE;
COMMIT;

/*!40101 SET CHARACTER_SET_CLIENT=@OLD_CHARACTER_SET_CLIENT */;
/*!40101 SET CHARACTER_SET_RESULTS=@OLD_CHARACTER_SET_RESULTS */;
/*!40101 SET COLLATION_CONNECTION=@OLD_COLLATION_CONNECTION */;
